Title,Released,Season,Episode,imdbRating,imdbID,Show
An Unearthly Child,1963-11-23,1,1,8.3,tt0562828,Classic Doctor Who
The Cave of Skulls,1963-11-30,1,2,6.6,tt0782279,Classic Doctor Who
The Forest of Fear,1963-12-07,1,3,6.4,tt0805109,Classic Doctor Who
The Firemaker,1963-12-14,1,4,6.7,tt0813250,Classic Doctor Who
The Dead Planet,1963-12-21,1,5,7.9,tt0562905,Classic Doctor Who
The Survivors,1963-12-28,1,6,7.9,tt0819441,Classic Doctor Who
The Escape,1964-01-04,1,7,7.8,tt0777345,Classic Doctor Who
The Ambush,1964-01-11,1,8,7.7,tt0819440,Classic Doctor Who
The Expedition,1964-01-18,1,9,7.5,tt0769064,Classic Doctor Who
The Ordeal,1964-01-25,1,10,7.2,tt0769065,Classic Doctor Who
The Rescue,1964-02-01,1,11,7.8,tt0777344,Classic Doctor Who
The Edge of Destruction,1964-02-08,1,12,7,tt0756850,Classic Doctor Who
The Brink of Disaster,1964-02-15,1,13,7.1,tt0769062,Classic Doctor Who
The Roof of the World,1964-02-22,1,14,7.8,tt0562858,Classic Doctor Who
The Singing Sands,1964-02-29,1,15,7.6,tt0769067,Classic Doctor Who
Five Hundred Eyes,1964-03-07,1,16,7.3,tt0809982,Classic Doctor Who
The Wall of Lies,1964-03-14,1,17,7.2,tt0769068,Classic Doctor Who
Rider from Shang-Tu,1964-03-21,1,18,7.1,tt0805214,Classic Doctor Who
Mighty Kublai Khan,1964-03-28,1,19,7.1,tt0769059,Classic Doctor Who
Assassin at Peking,1964-04-04,1,20,7.3,tt0809981,Classic Doctor Who
The Sea of Death,1964-04-11,1,21,7.3,tt0562926,Classic Doctor Who
The Velvet Web,1964-04-18,1,22,7.3,tt0809986,Classic Doctor Who
The Screaming Jungle,1964-04-25,1,23,7.1,tt0769066,Classic Doctor Who
The Snows of Terror,1964-05-02,1,24,6.9,tt0809984,Classic Doctor Who
Sentence of Death,1964-05-09,1,25,7.2,tt0809983,Classic Doctor Who
The Keys of Marinus,1964-05-16,1,26,7.4,tt0829417,Classic Doctor Who
The Temple of Evil,1964-05-23,1,27,7.4,tt0562894,Classic Doctor Who
The Warriors of Death,1964-05-30,1,28,7.5,tt0805215,Classic Doctor Who
The Bride of Sacrifice,1964-06-06,1,29,7.6,tt0769061,Classic Doctor Who
The Day of Darkness,1964-06-13,1,30,7.7,tt0830292,Classic Doctor Who
Strangers in Space,1964-06-20,1,31,7,tt0562953,Classic Doctor Who
The Unwilling Warriors,1964-06-27,1,32,6.7,tt0809985,Classic Doctor Who
Hidden Danger,1964-07-11,1,33,6.8,tt0769057,Classic Doctor Who
A Race Against Death,1964-07-18,1,34,6.6,tt0809980,Classic Doctor Who
Kidnap,1964-07-25,1,35,6.5,tt0769058,Classic Doctor Who
A Desperate Venture,1964-08-01,1,36,6.4,tt0769055,Classic Doctor Who
A Land of Fear,1964-08-08,1,37,6.9,tt0562944,Classic Doctor Who
Guests of Madame Guillotine,1964-08-15,1,38,6.6,tt0769056,Classic Doctor Who
A Change of Identity,1964-08-22,1,39,6.9,tt0785282,Classic Doctor Who
The Tyrant of France,1964-08-29,1,40,6.5,tt0785310,Classic Doctor Who
A Bargain of Necessity,1964-09-05,1,41,6.5,tt0769054,Classic Doctor Who
Prisoners of Conciergerie,1964-09-12,1,42,6.9,tt0769060,Classic Doctor Who
Planet of Giants,1964-10-31,2,1,7.1,tt0562867,Classic Doctor Who
Dangerous Journey,1964-11-07,2,2,7,tt0776941,Classic Doctor Who
Crisis,1964-11-14,2,3,6.6,tt0776940,Classic Doctor Who
World's End,1964-11-21,2,4,8.1,tt0562904,Classic Doctor Who
The Daleks,1964-11-28,2,5,8.1,tt0776951,Classic Doctor Who
Day of Reckoning,1964-12-05,2,6,8.1,tt0776942,Classic Doctor Who
The End of Tomorrow,1964-12-12,2,7,7.9,tt0776955,Classic Doctor Who
The Waking Ally,1964-12-19,2,8,8,tt0776961,Classic Doctor Who
Flashpoint,1964-12-26,2,9,8.4,tt0776945,Classic Doctor Who
The Powerful Enemy,1965-01-02,2,10,7.2,tt0562945,Classic Doctor Who
Desperate Measures,1965-01-09,2,11,7.4,tt0776943,Classic Doctor Who
The Slave Traders,1965-01-16,2,12,7.6,tt0562948,Classic Doctor Who
All Roads Lead to Rome,1965-01-23,2,13,7.6,tt0776936,Classic Doctor Who
Conspiracy,1965-01-30,2,14,7.7,tt0776938,Classic Doctor Who
Inferno,1965-02-06,2,15,7.8,tt0776947,Classic Doctor Who
The Web Planet,1965-02-13,2,16,6.6,tt0562975,Classic Doctor Who
The Zarbi,1965-02-20,2,17,6,tt0776964,Classic Doctor Who
Escape to Danger,1965-02-27,2,18,5.9,tt0776944,Classic Doctor Who
Crater of Needles,1965-03-06,2,19,5.7,tt0776939,Classic Doctor Who
Invasion,1965-03-13,2,20,5.8,tt0776948,Classic Doctor Who
The Centre,1965-03-20,2,21,5.7,tt0776950,Classic Doctor Who
The Lion,1965-03-27,2,22,7.2,tt0562901,Classic Doctor Who
The Knight of Jaffa,1965-04-03,2,23,7.2,tt0776957,Classic Doctor Who
The Wheel of Fortune,1965-04-10,2,24,7.3,tt0776963,Classic Doctor Who
The Warlords,1965-04-17,2,25,7.1,tt0776962,Classic Doctor Who
The Space Museum,1965-04-24,2,26,8,tt0562957,Classic Doctor Who
The Dimensions of Time,1965-05-01,2,27,7.1,tt0776954,Classic Doctor Who
The Search,1965-05-08,2,28,6.8,tt0776960,Classic Doctor Who
The Final Phase,1965-05-15,2,29,6.7,tt0776956,Classic Doctor Who
The Executioners,1965-05-22,2,30,7.3,tt0562898,Classic Doctor Who
The Death of Time,1965-05-29,2,31,7,tt0776953,Classic Doctor Who
Flight Through Eternity,1965-06-05,2,32,7.2,tt0776946,Classic Doctor Who
Journey Into Terror,1965-06-12,2,33,6.8,tt0776949,Classic Doctor Who
The Death of Doctor Who,1965-06-19,2,34,7.3,tt0776952,Classic Doctor Who
The Planet of Decision,1965-06-26,2,35,7.9,tt0776959,Classic Doctor Who
The Watcher,1965-07-03,2,36,7.8,tt0562964/,Classic Doctor Who
The Meddling Monk,1965-07-10,2,37,7.6,tt0776958,Classic Doctor Who
A Battle of Wits,1965-07-17,2,38,8,tt0776935,Classic Doctor Who
Checkmate,1965-07-24,2,39,8.2,tt0776937,Classic Doctor Who
Four Hundred Dawns,1965-09-11,3,1,6.4,tt0562849,Classic Doctor Who
Trap of Steel,1965-09-18,3,2,6.3,tt0785311,Classic Doctor Who
Air Lock,1965-09-25,3,3,6.6,tt0785283,Classic Doctor Who
The Exploding Planet,1965-10-02,3,4,6.4,tt0785301,Classic Doctor Who
Mission to the Unknown,1965-10-09,3,5,7.2,tt0562862,Classic Doctor Who
Temple of Secrets,1965-10-16,3,6,7.3,tt0562940,Classic Doctor Who
"Small Prophet, Quick Return",1965-10-23,3,7,7.3,tt0785297,Classic Doctor Who
Death of a Spy,1965-10-30,3,8,7.4,tt0785288,Classic Doctor Who
Horse of Destruction,1965-11-06,3,9,7.9,tt0785294,Classic Doctor Who
The Nightmare Begins,1965-11-13,3,10,8.1,tt0562906,Classic Doctor Who
Day of Armageddon,1965-11-20,3,11,8.1,tt0785287,Classic Doctor Who
Devil's Planet,1965-11-27,3,12,7.8,tt0785290,Classic Doctor Who
The Traitors,1965-12-04,3,13,8.3,tt0785309,Classic Doctor Who
Counter Plot,1965-12-11,3,14,7.8,tt0785286,Classic Doctor Who
Coronas of the Sun,1965-12-18,3,15,8,tt0785285,Classic Doctor Who
The Feast of Steven,1965-12-25,3,16,6.7,tt0785302,Classic Doctor Who
Volcano,1966-01-01,3,17,7.7,tt0785312,Classic Doctor Who
Golden Death,1966-01-08,3,18,7.8,tt0785293,Classic Doctor Who
Escape Switch,1966-01-15,3,19,7.7,tt0785292,Classic Doctor Who
The Abandoned Planet,1966-01-22,3,20,8.1,tt0785298,Classic Doctor Who
Destruction of Time,1966-01-29,3,21,8.8,tt0785289,Classic Doctor Who
War of God,1966-02-05,3,22,7.4,tt0562933,Classic Doctor Who
The Sea Beggar,1966-02-12,3,23,7.4,tt0785308,Classic Doctor Who
Priest of Death,1966-02-19,3,24,7.4,tt0785296,Classic Doctor Who
Bell of Doom,1966-02-26,3,25,7.8,tt0785284,Classic Doctor Who
The Steel Sky,1966-03-05,3,26,7.2,tt0562890,Classic Doctor Who
The Plague,1966-03-12,3,27,7.2,tt0785306,Classic Doctor Who
The Return,1966-03-19,3,28,7.1,tt0785307,Classic Doctor Who
The Bomb,1966-03-26,3,29,7,tt0785299,Classic Doctor Who
The Celestial Toyroom,1966-04-02,3,30,6.6,tt0562897,Classic Doctor Who
The Hall of Dolls,1966-04-09,3,31,6.2,tt0785304,Classic Doctor Who
The Dancing Floor,1966-04-16,3,32,6.1,tt0785300,Classic Doctor Who
The Final Test,1966-04-23,3,33,7.2,tt0785303,Classic Doctor Who
A Holiday for the Doctor,1966-04-30,3,34,6.4,tt0562916,Classic Doctor Who
Don't Shoot the Pianist,1966-05-07,3,35,6.3,tt0785291,Classic Doctor Who
Johnny Ringo,1966-05-14,3,36,6.1,tt0785295,Classic Doctor Who
The O.K. Corral,1966-05-21,3,37,6.3,tt0785305,Classic Doctor Who
The Savages: Episode 1,1966-05-28,3,38,7,tt0562949,Classic Doctor Who
The Savages: Episode 2,1966-06-04,3,39,6.9,tt0807265,Classic Doctor Who
The Savages: Episode 3,1966-06-11,3,40,6.9,tt0807266,Classic Doctor Who
The Savages: Episode 4,1966-06-18,3,41,7.1,tt0807267,Classic Doctor Who
The War Machines: Episode 1,1966-06-25,3,42,7.6,tt0562974,Classic Doctor Who
The War Machines: Episode 2,1966-07-02,3,43,7.4,tt0807268,Classic Doctor Who
The War Machines: Episode 3,1966-07-09,3,44,7.4,tt0807269,Classic Doctor Who
The War Machines: Episode 4,1966-07-16,3,45,7.4,tt0807270,Classic Doctor Who
The Smugglers: Episode 1,1966-09-10,4,1,6.5,tt0562955,Classic Doctor Who
The Smugglers: Episode 2,1966-09-17,4,2,6.3,tt0810587,Classic Doctor Who
The Smugglers: Episode 3,1966-09-24,4,3,6.4,tt0810588,Classic Doctor Who
The Smugglers: Episode 4,1966-10-01,4,4,6.3,tt0810589,Classic Doctor Who
The Tenth Planet: Episode 1,1966-10-08,4,5,8,tt0562962,Classic Doctor Who
The Tenth Planet: Episode 2,1966-10-15,4,6,8,tt0810590,Classic Doctor Who
The Tenth Planet: Episode 3,1966-10-22,4,7,7.6,tt0810591,Classic Doctor Who
The Tenth Planet: Episode 4,1966-10-29,4,8,8.3,tt0810592,Classic Doctor Who
The Power of the Daleks: Episode One,1966-11-05,4,9,8.5,tt0562943,Classic Doctor Who
The Power of the Daleks: Episode Two,1966-11-12,4,10,8.4,tt0810582,Classic Doctor Who
The Power of the Daleks: Episode Three,1966-11-19,4,11,8.3,tt0810583,Classic Doctor Who
The Power of the Daleks: Episode Four,1966-11-26,4,12,8.4,tt0810584,Classic Doctor Who
The Power of the Daleks: Episode Five,1966-12-03,4,13,8.3,tt0810585,Classic Doctor Who
The Power of the Daleks: Episode Six,1966-12-10,4,14,8.5,tt0810586,Classic Doctor Who
The Highlanders: Episode 1,1966-12-17,4,15,6.7,tt0562919,Classic Doctor Who
The Highlanders: Episode 2,1966-12-24,4,16,6.6,tt0810573,Classic Doctor Who
The Highlanders: Episode 3,1966-12-31,4,17,6.6,tt0810574,Classic Doctor Who
The Highlanders: Episode 4,1967-01-07,4,18,6.6,tt0810575,Classic Doctor Who
The Underwater Menace: Episode 1,1967-01-14,4,19,6,tt0562971,Classic Doctor Who
The Underwater Menace: Episode 2,1967-01-21,4,20,6.2,tt0810593,Classic Doctor Who
The Underwater Menace: Episode 3,1967-01-28,4,21,6.1,tt0810594,Classic Doctor Who
The Underwater Menace: Episode 4,1967-02-04,4,22,5.9,tt0810595,Classic Doctor Who
The Moonbase: Episode 1,1967-02-11,4,23,7.3,tt0562937,Classic Doctor Who
The Moonbase: Episode 2,1967-02-18,4,24,7.6,tt0810579,Classic Doctor Who
The Moonbase: Episode 3,1967-02-25,4,25,7.4,tt0810580,Classic Doctor Who
The Moonbase: Episode 4,1967-03-04,4,26,7.4,tt0810581,Classic Doctor Who
The Macra Terror: Episode 1,1967-03-11,4,27,7.3,tt0562930,Classic Doctor Who
The Macra Terror: Episode 2,1967-03-18,4,28,7.3,tt0810576,Classic Doctor Who
The Macra Terror: Episode 3,1967-03-25,4,29,7.2,tt0810577,Classic Doctor Who
The Macra Terror: Episode 4,1967-04-01,4,30,7.2,tt0810578,Classic Doctor Who
The Faceless Ones: Episode 1,1967-04-08,4,31,7.8,tt0562913,Classic Doctor Who
The Faceless Ones: Episode 2,1967-04-15,4,32,7.5,tt0810568,Classic Doctor Who
The Faceless Ones: Episode 3,1967-04-22,4,33,7.7,tt0810569,Classic Doctor Who
The Faceless Ones: Episode 4,1967-04-29,4,34,7.1,tt0810570,Classic Doctor Who
The Faceless Ones: Episode 5,1967-05-06,4,35,7.4,tt0810571,Classic Doctor Who
The Faceless Ones: Episode 6,1967-05-13,4,36,7.5,tt0810572,Classic Doctor Who
The Evil of the Daleks: Episode 1,1967-05-20,4,37,8.1,tt0562911,Classic Doctor Who
The Evil of the Daleks: Episode 2,1967-05-27,4,38,8.4,tt0810562,Classic Doctor Who
The Evil of the Daleks: Episode 3,1967-06-03,4,39,7.9,tt0810563,Classic Doctor Who
The Evil of the Daleks: Episode 4,1967-06-10,4,40,7.9,tt0810564,Classic Doctor Who
The Evil of the Daleks: Episode 5,1967-06-17,4,41,7.9,tt0810565,Classic Doctor Who
The Evil of the Daleks: Episode 6,1967-06-24,4,42,8.4,tt0810566,Classic Doctor Who
The Evil of the Daleks: Episode 7,1967-07-01,4,43,8.8,tt0810567,Classic Doctor Who
The Tomb of the Cybermen: Episode 1,1967-09-02,5,1,8.4,tt0562967,Classic Doctor Who
The Tomb of the Cybermen: Episode 2,1967-09-09,5,2,8.4,tt0811466,Classic Doctor Who
The Tomb of the Cybermen: Episode 3,1967-09-16,5,3,8.3,tt0811467,Classic Doctor Who
The Tomb of the Cybermen: Episode 4,1967-09-23,5,4,8.4,tt0811468,Classic Doctor Who
The Abominable Snowmen: Episode 1,1967-09-30,5,5,7.3,tt0562886,Classic Doctor Who
The Abominable Snowmen: Episode Two,1967-10-07,5,6,7.7,tt0811447,Classic Doctor Who
The Abominable Snowmen: Episode Three,1967-10-14,5,7,7.3,tt0811448,Classic Doctor Who
The Abominable Snowmen: Episode Four,1967-10-21,5,8,7.3,tt0811449,Classic Doctor Who
The Abominable Snowmen: Episode Five,1967-10-28,5,9,7.5,tt0811450,Classic Doctor Who
The Abominable Snowmen: Episode Six,1967-11-04,5,10,7.5,tt0811451,Classic Doctor Who
The Ice Warriors: Episode One,1967-11-11,5,11,7.5,tt0562921,Classic Doctor Who
The Ice Warriors: Episode Two,1967-11-18,5,12,7.3,tt0811305,Classic Doctor Who
The Ice Warriors: Episode Three,1967-11-25,5,13,7.3,tt0811306,Classic Doctor Who
The Ice Warriors: Episode Four,1967-12-02,5,14,7.4,tt0811307,Classic Doctor Who
The Ice Warriors: Episode Five,1967-12-09,5,15,7.5,tt0811308,Classic Doctor Who
The Ice Warriors: Episode Six,1967-12-16,5,16,7.5,tt0811309,Classic Doctor Who
The Enemy of the World: Episode 1,1967-12-23,5,17,8.1,tt0562910,Classic Doctor Who
The Enemy of the World: Episode 2,1967-12-30,5,18,7.9,tt0811295,Classic Doctor Who
The Enemy of the World: Episode 3,1968-01-06,5,19,7.8,tt0811296,Classic Doctor Who
The Enemy of the World: Episode 4,1968-01-13,5,20,7.9,tt0811297,Classic Doctor Who
The Enemy of the World: Episode 5,1968-01-20,5,21,8,tt0811298,Classic Doctor Who
The Enemy of the World: Episode 6,1968-01-27,5,22,8.3,tt0811299,Classic Doctor Who
The Web of Fear: Episode 1,1968-02-03,5,23,8.4,tt0562976,Classic Doctor Who
The Web of Fear: Episode 2,1968-02-10,5,24,8.2,tt0811365,Classic Doctor Who
The Web of Fear: Episode 3,1968-02-17,5,25,8,tt0811366,Classic Doctor Who
The Web of Fear: Episode 4,1968-02-24,5,26,8.4,tt0811367,Classic Doctor Who
The Web of Fear: Episode 5,1968-03-02,5,27,8.2,tt0811368,Classic Doctor Who
The Web of Fear: Episode 6,1968-03-09,5,28,8.3,tt0811369,Classic Doctor Who
Fury from the Deep: Episode 1,1968-03-16,5,29,7.9,tt0562848,Classic Doctor Who
Fury from the Deep: Episode 2,1968-03-23,5,30,7.9,tt0811242,Classic Doctor Who
Fury from the Deep: Episode 3,1968-03-30,5,31,8,tt0811243,Classic Doctor Who
Fury from the Deep: Episode 4,1968-04-06,5,32,8,tt0811244,Classic Doctor Who
Fury from the Deep: Episode 5,1968-04-13,5,33,8,tt0811245,Classic Doctor Who
Fury from the Deep: Episode 6,1968-04-20,5,34,8.1,tt0811246,Classic Doctor Who
The Wheel in Space: Episode 1,1968-04-27,5,35,6.9,tt0562977,Classic Doctor Who
The Wheel in Space: Episode 2,1968-05-04,5,36,6.9,tt0811370,Classic Doctor Who
The Wheel in Space: Episode 3,1968-05-11,5,37,7.1,tt0811371,Classic Doctor Who
The Wheel in Space: Episode 4,1968-05-18,5,38,7.1,tt0811372,Classic Doctor Who
The Wheel in Space: Episode 5,1968-05-25,5,39,7.1,tt0811373,Classic Doctor Who
The Wheel in Space: Episode 6,1968-06-01,5,40,7.8,tt0811374,Classic Doctor Who
The Dominators: Episode 1,1968-08-10,6,1,6.2,tt0562908,Classic Doctor Who
The Dominators: Episode 2,1968-08-17,6,2,6.5,tt0811452,Classic Doctor Who
The Dominators: Episode 3,1968-08-24,6,3,6.3,tt0811453,Classic Doctor Who
The Dominators: Episode 4,1968-08-31,6,4,5.9,tt0811454,Classic Doctor Who
The Dominators: Episode 5,1968-09-07,6,5,6.6,tt0811455,Classic Doctor Who
The Mind Robber: Episode 1,1968-09-14,6,6,7.8,tt0562934,Classic Doctor Who
The Mind Robber: Episode 2,1968-09-21,6,7,7.8,tt0811456,Classic Doctor Who
The Mind Robber: Episode 3,1968-09-28,6,8,7.9,tt0811457,Classic Doctor Who
The Mind Robber: Episode 4,1968-10-05,6,9,7.8,tt0811458,Classic Doctor Who
The Mind Robber: Episode 5,1968-10-12,6,10,7.9,tt0811459,Classic Doctor Who
The Invasion: Episode 1,1968-11-02,6,11,8,tt0562922,Classic Doctor Who
The Invasion: Episode 2,1968-11-09,6,12,8.2,tt0811310,Classic Doctor Who
The Invasion: Episode 3,1968-11-16,6,13,8.1,tt0811311,Classic Doctor Who
The Invasion: Episode 4,1968-11-23,6,14,8.1,tt0811312,Classic Doctor Who
The Invasion: Episode 5,1968-11-30,6,15,8.1,tt0811313,Classic Doctor Who
The Invasion: Episode Six,1968-12-07,6,16,8.3,tt0811314,Classic Doctor Who
The Invasion: Episode 7,1968-12-14,6,17,8.2,tt0811315,Classic Doctor Who
The Invasion: Episode 8,1968-12-21,6,18,8.3,tt0811316,Classic Doctor Who
The Krotons: Episode One,1968-12-28,6,19,6.8,tt0562928,Classic Doctor Who
The Krotons: Episode Two,1969-01-04,6,20,6.5,tt0811317,Classic Doctor Who
The Krotons: Episode Three,1969-01-11,6,21,6.6,tt0811318,Classic Doctor Who
The Krotons: Episode Four,1969-01-18,6,22,6.6,tt0811319,Classic Doctor Who
The Seeds of Death: Episode One,1969-01-25,6,23,7.7,tt0562951,Classic Doctor Who
The Seeds of Death: Episode Two,1969-02-01,6,24,7.6,tt0811340,Classic Doctor Who
The Seeds of Death: Episode Three,1969-02-08,6,25,7.2,tt0811341,Classic Doctor Who
The Seeds of Death: Episode Four,1969-02-15,6,26,7.3,tt0811342,Classic Doctor Who
The Seeds of Death: Episode Five,1969-02-22,6,27,7.4,tt0811343,Classic Doctor Who
The Seeds of Death: Episode Six,1969-03-01,6,28,7.4,tt0811344,Classic Doctor Who
The Space Pirates: Episode 1,1969-03-08,6,29,4.9,tt0562958,Classic Doctor Who
The Space Pirates: Episode 2,1969-03-15,6,30,5.7,tt0811346,Classic Doctor Who
The Space Pirates: Episode 3,1969-03-22,6,31,6,tt0811347,Classic Doctor Who
The Space Pirates: Episode 4,1969-03-29,6,32,4.9,tt0811348,Classic Doctor Who
The Space Pirates: Episode 5,1969-04-05,6,33,4.9,tt0811349,Classic Doctor Who
The Space Pirates: Episode 6,1969-04-12,6,34,6,tt0811350,Classic Doctor Who
The War Games: Episode One,1969-04-19,6,35,8.7,tt0562973,Classic Doctor Who
The War Games: Episode Two,1969-04-26,6,36,8.5,tt0811357,Classic Doctor Who
The War Games: Episode Three,1969-05-03,6,37,8.5,tt0811358,Classic Doctor Who
The War Games: Episode Four,1969-05-10,6,38,8.2,tt0811359,Classic Doctor Who
The War Games: Episode Five,1969-05-17,6,39,8.3,tt0811360,Classic Doctor Who
The War Games: Episode Six,1969-05-24,6,40,8.3,tt0811361,Classic Doctor Who
The War Games: Episode Seven,1969-05-31,6,41,8.1,tt0811362,Classic Doctor Who
The War Games: Episode Eight,1969-06-07,6,42,8.4,tt0811363,Classic Doctor Who
The War Games: Episode Nine,1969-06-14,6,43,9,tt0811364,Classic Doctor Who
The War Games: Episode Ten,1969-06-21,6,44,9,tt0811356,Classic Doctor Who
Spearhead from Space: Episode 1,1970-01-03,7,1,8.3,tt0562879,Classic Doctor Who
Spearhead from Space: Episode 2,1970-01-10,7,2,8.1,tt0811440,Classic Doctor Who
Spearhead from Space: Episode 3,1970-01-17,7,3,8,tt0811442,Classic Doctor Who
Spearhead from Space: Episode 4,1970-01-24,7,4,8.3,tt0811443,Classic Doctor Who
Doctor Who and the Silurians: Episode 1,1970-01-31,7,5,7.8,tt0562954,Classic Doctor Who
Doctor Who and the Silurians: Episode 2,1970-02-07,7,6,7.9,tt0811231,Classic Doctor Who
Doctor Who and the Silurians: Episode 3,1970-02-14,7,7,7.9,tt0811232,Classic Doctor Who
Doctor Who and the Silurians: Episode 4,1970-02-21,7,8,7.9,tt0811233,Classic Doctor Who
Doctor Who and the Silurians: Episode 5,1970-02-28,7,9,8,tt0811234,Classic Doctor Who
Doctor Who and the Silurians: Episode 6,1970-03-07,7,10,8.1,tt0811235,Classic Doctor Who
Doctor Who and the Silurians: Episode 7,1970-03-14,7,11,8.3,tt0811236,Classic Doctor Who
The Ambassadors of Death: Episode 1,1970-03-21,7,12,7.7,tt0562887,Classic Doctor Who
The Ambassadors of Death: Episode 2,1970-03-28,7,13,7.6,tt0811276,Classic Doctor Who
The Ambassadors of Death: Episode 3,1970-04-04,7,14,7.5,tt0811277,Classic Doctor Who
The Ambassadors of Death: Episode 4,1970-04-11,7,15,7.5,tt0811278,Classic Doctor Who
The Ambassadors of Death: Episode 5,1970-04-18,7,16,7.4,tt0811279,Classic Doctor Who
The Ambassadors of Death: Episode 6,1970-04-25,7,17,7.5,tt0811280,Classic Doctor Who
The Ambassadors of Death: Episode 7,1970-05-02,7,18,7.6,tt0811281,Classic Doctor Who
Inferno: Episode 1,1970-05-09,7,19,8.4,tt0562854,Classic Doctor Who
Inferno: Episode 2,1970-05-16,7,20,8.3,tt0811252,Classic Doctor Who
Inferno: Episode 3,1970-05-23,7,21,8.7,tt0811253,Classic Doctor Who
Inferno: Episode 4,1970-05-30,7,22,8.5,tt0811254,Classic Doctor Who
Inferno: Episode 5,1970-06-06,7,23,8.5,tt0811255,Classic Doctor Who
Inferno: Episode 6,1970-06-13,7,24,8.6,tt0811256,Classic Doctor Who
Inferno: Episode 7,1970-06-20,7,25,8.4,tt0811257,Classic Doctor Who
Terror of the Autons: Episode One,1971-01-02,8,1,7.7,tt0562883,Classic Doctor Who
Terror of the Autons: Episode Two,1971-01-09,8,2,7.8,tt0811444,Classic Doctor Who
Terror of the Autons: Episode Three,1971-01-16,8,3,7.8,tt0811445,Classic Doctor Who
Terror of the Autons: Episode Four,1971-01-23,8,4,7.8,tt0811446,Classic Doctor Who
The Mind of Evil: Episode One,1971-01-30,8,5,7.7,tt0562935,Classic Doctor Who
The Mind of Evil: Episode Two,1971-02-06,8,6,7.5,tt0811320,Classic Doctor Who
The Mind of Evil: Episode Three,1971-02-13,8,7,7.6,tt0811321,Classic Doctor Who
The Mind of Evil: Episode Four,1971-02-20,8,8,7.6,tt0811322,Classic Doctor Who
The Mind of Evil: Episode Five,1971-02-27,8,9,7.6,tt0811323,Classic Doctor Who
The Mind of Evil: Episode Six,1971-03-06,8,10,7.6,tt0811324,Classic Doctor Who
The Claws of Axos: Episode One,1971-03-13,8,11,7.4,tt0562899,Classic Doctor Who
The Claws of Axos: Episode Two,1971-03-20,8,12,7.2,tt0811285,Classic Doctor Who
The Claws of Axos: Episode Three,1971-03-27,8,13,7.1,tt0811286,Classic Doctor Who
The Claws of Axos: Episode Four,1971-04-03,8,14,7.3,tt0811287,Classic Doctor Who
Colony in Space: Episode One,1971-04-10,8,15,7.1,tt0562836,Classic Doctor Who
Colony in Space: Episode Two,1971-04-17,8,16,7,tt0811223,Classic Doctor Who
Colony in Space: Episode Three,1971-04-24,8,17,7.1,tt0811224,Classic Doctor Who
Colony in Space: Episode Four,1971-05-01,8,18,7,tt0811225,Classic Doctor Who
Colony in Space: Episode Five,1971-05-08,8,19,6.8,tt0811226,Classic Doctor Who
Colony in Space: Episode Six,1971-05-15,8,20,7.2,tt0811227,Classic Doctor Who
The Dæmons: Episode One,1971-05-22,8,21,8.1,tt0562909,Classic Doctor Who
The Dæmons: Episode Two,1971-05-29,8,22,7.8,tt0811291,Classic Doctor Who
The Dæmons: Episode Three,1971-06-05,8,23,7.8,tt0811292,Classic Doctor Who
The Dæmons: Episode Four,1971-06-12,8,24,7.9,tt0811293,Classic Doctor Who
The Dæmons: Episode Five,1971-06-19,8,25,7.8,tt0811294,Classic Doctor Who
Day of the Daleks: Episode One,1972-01-01,9,1,7.9,tt0562837,Classic Doctor Who
Day of the Daleks: Episode Two,1972-01-08,9,2,7.7,tt0811433,Classic Doctor Who
Day of the Daleks: Episode Three,1972-01-15,9,3,7.8,tt0811434,Classic Doctor Who
Day of the Daleks: Episode Four,1972-01-22,9,4,8,tt0811435,Classic Doctor Who
The Curse of Peladon: Episode One,1972-01-29,9,5,7.6,tt0562903,Classic Doctor Who
The Curse of Peladon: Episode Two,1972-02-05,9,6,7.5,tt0811288,Classic Doctor Who
The Curse of Peladon: Episode Three,1972-02-12,9,7,7.6,tt0811289,Classic Doctor Who
The Curse of Peladon: Episode Four,1972-02-19,9,8,7.7,tt0811290,Classic Doctor Who
The Sea Devils: Episode One,1972-02-26,9,9,7.8,tt0562950,Classic Doctor Who
The Sea Devils: Episode Two,1972-03-04,9,10,7.9,tt0811335,Classic Doctor Who
The Sea Devils: Episode Three,1972-03-11,9,11,7.8,tt0811336,Classic Doctor Who
The Sea Devils: Episode Four,1972-03-18,9,12,7.5,tt0811337,Classic Doctor Who
The Sea Devils: Episode Five,1972-03-25,9,13,7.8,tt0811338,Classic Doctor Who
The Sea Devils: Episode Six,1972-04-01,9,14,7.9,tt0811339,Classic Doctor Who
The Mutants: Episode One,1972-04-08,9,15,6.6,tt0562938,Classic Doctor Who
The Mutants: Episode Two,1972-04-15,9,16,6.6,tt0811330,Classic Doctor Who
The Mutants: Episode Three,1972-04-22,9,17,6.6,tt0811331,Classic Doctor Who
The Mutants: Episode Four,1972-04-29,9,18,6.7,tt0811332,Classic Doctor Who
The Mutants: Episode Five,1972-05-06,9,19,6.5,tt0811333,Classic Doctor Who
The Mutants: Episode Six,1972-05-13,9,20,6.5,tt0811334,Classic Doctor Who
The Time Monster: Episode One,1972-05-20,9,21,6.7,tt0562965,Classic Doctor Who
The Time Monster: Episode Two,1972-05-27,9,22,6.6,tt0811351,Classic Doctor Who
The Time Monster: Episode Three,1972-06-03,9,23,6.5,tt0811352,Classic Doctor Who
The Time Monster: Episode Four,1972-06-10,9,24,6.9,tt0811353,Classic Doctor Who
The Time Monster: Episode Five,1972-06-17,9,25,6.6,tt0811354,Classic Doctor Who
The Time Monster: Episode Six,1972-06-24,9,26,7,tt0811355,Classic Doctor Who
The Three Doctors: Episode One,1972-12-30,10,1,8.2,tt0562963,Classic Doctor Who
The Three Doctors: Episode Two,1973-01-06,10,2,8.2,tt0811460,Classic Doctor Who
The Three Doctors: Episode Three,1973-01-13,10,3,8.2,tt0811461,Classic Doctor Who
The Three Doctors: Episode Four,1973-01-20,10,4,8.3,tt0811462,Classic Doctor Who
Carnival of Monsters: Episode One,1973-01-27,10,5,7.8,tt0562833,Classic Doctor Who
Carnival of Monsters: Episode Two,1973-02-03,10,6,7.9,tt0811220,Classic Doctor Who
Carnival of Monsters: Episode Three,1973-02-10,10,7,7.7,tt0811221,Classic Doctor Who
Carnival of Monsters: Episode Four,1973-02-17,10,8,7.8,tt0811222,Classic Doctor Who
Frontier in Space: Episode One,1973-02-24,10,9,7.6,tt0562845,Classic Doctor Who
Frontier in Space: Episode Two,1973-03-03,10,10,7.5,tt0811237,Classic Doctor Who
Frontier in Space: Episode Three,1973-03-10,10,11,7.6,tt0811238,Classic Doctor Who
Frontier in Space: Episode Four,1973-03-17,10,12,7.6,tt0811239,Classic Doctor Who
Frontier in Space: Episode Five,1973-03-24,10,13,7.6,tt0811240,Classic Doctor Who
Frontier in Space: Episode Six,1973-03-31,10,14,7.6,tt0811241,Classic Doctor Who
Planet of the Daleks: Episode One,1973-04-07,10,15,7.5,tt0562868,Classic Doctor Who
Planet of the Daleks: Episode Two,1973-04-14,10,16,7.5,tt0811263,Classic Doctor Who
Planet of the Daleks: Episode Three,1973-04-21,10,17,7.4,tt0811264,Classic Doctor Who
Planet of the Daleks: Episode Four,1973-04-28,10,18,7.5,tt0811265,Classic Doctor Who
Planet of the Daleks: Episode Five,1973-05-05,10,19,7.5,tt0811266,Classic Doctor Who
Planet of the Daleks: Episode Six,1973-05-12,10,20,7.5,tt0811267,Classic Doctor Who
The Green Death: Episode One,1973-05-19,10,21,8.1,tt0562915,Classic Doctor Who
The Green Death: Episode Two,1973-05-26,10,22,8,tt0811300,Classic Doctor Who
The Green Death: Episode Three,1973-06-02,10,23,8.1,tt0811301,Classic Doctor Who
The Green Death: Episode Four,1973-06-09,10,24,8.1,tt0811302,Classic Doctor Who
The Green Death: Episode Five,1973-06-16,10,25,8.1,tt0811303,Classic Doctor Who
The Green Death: Episode Six,1973-06-23,10,26,8.3,tt0811304,Classic Doctor Who
The Time Warrior: Part One,1973-12-15,11,1,8.1,tt0562966,Classic Doctor Who
The Time Warrior: Part Two,1973-12-22,11,2,8.1,tt0811463,Classic Doctor Who
The Time Warrior: Part Three,1973-12-29,11,3,8.1,tt0811464,Classic Doctor Who
The Time Warrior: Part Four,1974-01-05,11,4,8.1,tt0811465,Classic Doctor Who
Invasion of the Dinosaurs: Part One,1974-01-12,11,5,7.6,tt0562855,Classic Doctor Who
Invasion of the Dinosaurs: Part Two,1974-01-19,11,6,7.3,tt0811258,Classic Doctor Who
Invasion of the Dinosaurs: Part Three,1974-01-26,11,7,7.4,tt0811259,Classic Doctor Who
Invasion of the Dinosaurs: Part Four,1974-02-02,11,8,7.3,tt0811260,Classic Doctor Who
Invasion of the Dinosaurs: Part Five,1974-02-09,11,9,7.3,tt0811261,Classic Doctor Who
Invasion of the Dinosaurs: Part Six,1974-02-16,11,10,7.4,tt0811262,Classic Doctor Who
Death to the Daleks: Part One,1974-02-23,11,11,7.4,tt0562838,Classic Doctor Who
Death to the Daleks: Part Two,1974-03-02,11,12,7.7,tt0811228,Classic Doctor Who
Death to the Daleks: Part Three,1974-03-09,11,13,7.4,tt0811229,Classic Doctor Who
Death to the Daleks: Part Four,1974-03-16,11,14,7.4,tt0811230,Classic Doctor Who
The Monster of Peladon: Part One,1974-03-23,11,15,6.6,tt0562936,Classic Doctor Who
The Monster of Peladon: Part Two,1974-03-30,11,16,6.5,tt0811325,Classic Doctor Who
The Monster of Peladon: Part Three,1974-04-06,11,17,6.5,tt0811326,Classic Doctor Who
The Monster of Peladon: Part Four,1974-04-13,11,18,6.7,tt0811327,Classic Doctor Who
The Monster of Peladon: Part Five,1974-04-20,11,19,6.7,tt0811328,Classic Doctor Who
The Monster of Peladon: Part Six,1974-04-27,11,20,6.7,tt0811329,Classic Doctor Who
Planet of the Spiders: Part One,1974-05-04,11,21,7.8,tt0562869,Classic Doctor Who
Planet of the Spiders: Part Two,1974-05-11,11,22,7.5,tt0811268,Classic Doctor Who
Planet of the Spiders: Part Three,1974-05-18,11,23,7.4,tt0811269,Classic Doctor Who
Planet of the Spiders: Part Four,1974-05-25,11,24,7.6,tt0811270,Classic Doctor Who
Planet of the Spiders: Part Five,1974-06-01,11,25,7.7,tt0811271,Classic Doctor Who
Planet of the Spiders: Part Six,1974-06-08,11,26,8.3,tt0811272,Classic Doctor Who
Robot: Part One,1974-12-28,12,1,7.7,tt0562875,Classic Doctor Who
Robot: Part Two,1975-01-04,12,2,7.4,tt0811436,Classic Doctor Who
Robot: Part Three,1975-01-11,12,3,7.3,tt0811437,Classic Doctor Who
Robot: Part Four,1975-01-18,12,4,7.3,tt0811438,Classic Doctor Who
The Ark in Space: Part One,1975-01-25,12,5,8.4,tt0562891,Classic Doctor Who
The Ark in Space: Part Two,1975-02-01,12,6,8.3,tt0811282,Classic Doctor Who
The Ark in Space: Part Three,1975-02-08,12,7,8.2,tt0811283,Classic Doctor Who
The Ark in Space: Part Four,1975-02-15,12,8,8.2,tt0811284,Classic Doctor Who
The Sontaran Experiment: Part One,1975-02-22,12,9,7.3,tt0562956,Classic Doctor Who
The Sontaran Experiment: Part Two,1975-03-01,12,10,7.3,tt0811345,Classic Doctor Who
Genesis of the Daleks: Part One,1975-03-08,12,11,9.2,tt0562850,Classic Doctor Who
Genesis of the Daleks: Part Two,1975-03-15,12,12,9.1,tt0811247,Classic Doctor Who
Genesis of the Daleks: Part Three,1975-03-22,12,13,8.9,tt0811248,Classic Doctor Who
Genesis of the Daleks: Part Four,1975-03-29,12,14,9.1,tt0811249,Classic Doctor Who
Genesis of the Daleks: Part Five,1975-04-05,12,15,9.2,tt0811250,Classic Doctor Who
Genesis of the Daleks: Part Six,1975-04-12,12,16,9.4,tt0811251,Classic Doctor Who
Revenge of the Cybermen: Part One,1975-04-19,12,17,7.2,tt0562874,Classic Doctor Who
Revenge of the Cybermen: Part Two,1975-04-26,12,18,7.1,tt0811273,Classic Doctor Who
Revenge of the Cybermen: Part Three,1975-05-03,12,19,7,tt0811274,Classic Doctor Who
Revenge of the Cybermen: Part Four,1975-05-10,12,20,7.1,tt0811275,Classic Doctor Who
Terror of the Zygons: Part One,1975-08-30,13,1,8.5,tt0562885,Classic Doctor Who
Terror of the Zygons: Part Two,1975-09-06,13,2,8.4,tt0811853,Classic Doctor Who
Terror of the Zygons: Part Three,1975-09-13,13,3,8.4,tt0811854,Classic Doctor Who
Terror of the Zygons: Part Four,1975-09-20,13,4,8.4,tt0811855,Classic Doctor Who
Planet of Evil: Part One,1975-09-27,13,5,7.6,tt0562865,Classic Doctor Who
Planet of Evil: Part Two,1975-10-04,13,6,7.6,tt0811823,Classic Doctor Who
Planet of Evil: Part Three,1975-10-11,13,7,7.6,tt0811824,Classic Doctor Who
Planet of Evil: Part Four,1975-10-18,13,8,7.6,tt0811825,Classic Doctor Who
Pyramids of Mars: Part One,1975-10-25,13,9,8.6,tt0562870,Classic Doctor Who
Pyramids of Mars: Part Two,1975-11-01,13,10,8.5,tt0811829,Classic Doctor Who
Pyramids of Mars: Part Three,1975-11-08,13,11,8.6,tt0811830,Classic Doctor Who
Pyramids of Mars: Part Four,1975-11-15,13,12,8.7,tt0811831,Classic Doctor Who
The Android Invasion: Part One,1975-11-22,13,13,7.6,tt0562888,Classic Doctor Who
The Android Invasion: Part Two,1975-11-29,13,14,7.5,tt0811856,Classic Doctor Who
The Android Invasion: Part Three,1975-12-06,13,15,7.4,tt0811857,Classic Doctor Who
The Android Invasion: Part Four,1975-12-13,13,16,7.6,tt0811858,Classic Doctor Who
The Brain of Morbius: Part One,1976-01-03,13,17,8.3,tt0144171,Classic Doctor Who
The Brain of Morbius: Part Two,1976-01-10,13,18,8.4,tt0811868,Classic Doctor Who
The Brain of Morbius: Part Three,1976-01-17,13,19,8.5,tt0811869,Classic Doctor Who
The Brain of Morbius: Part Four,1976-01-24,13,20,8.6,tt0811870,Classic Doctor Who
The Seeds of Doom: Part One,1976-01-31,13,21,8.7,tt0562952,Classic Doctor Who
The Seeds of Doom: Part Two,1976-02-07,13,22,8.7,tt0811731,Classic Doctor Who
The Seeds of Doom: Part Three,1976-02-14,13,23,8.8,tt0811732,Classic Doctor Who
The Seeds of Doom: Part Four,1976-02-21,13,24,8.7,tt0811733,Classic Doctor Who
The Seeds of Doom: Part Five,1976-02-28,13,25,8.9,tt0811734,Classic Doctor Who
The Seeds of Doom: Part Six,1976-03-06,13,26,8.8,tt0811735,Classic Doctor Who
The Masque of Mandragora: Part One,1976-09-04,14,1,7.6,tt0562932,Classic Doctor Who
The Masque of Mandragora: Part Two,1976-09-11,14,2,7.8,tt0811713,Classic Doctor Who
The Masque of Mandragora: Part Three,1976-09-18,14,3,7.5,tt0811714,Classic Doctor Who
The Masque of Mandragora: Part Four,1976-09-25,14,4,7.6,tt0811715,Classic Doctor Who
The Hand of Fear: Part One,1976-10-02,14,5,7.8,tt0562917,Classic Doctor Who
The Hand of Fear: Part Two,1976-10-09,14,6,7.7,tt0811689,Classic Doctor Who
The Hand of Fear: Part Three,1976-10-16,14,7,7.8,tt0811690,Classic Doctor Who
The Hand of Fear: Part Four,1976-10-23,14,8,7.9,tt0811691,Classic Doctor Who
The Deadly Assassin: Part One,1976-10-30,14,9,8.6,tt0562907,Classic Doctor Who
The Deadly Assassin: Part Two,1976-11-06,14,10,8.4,tt0811880,Classic Doctor Who
The Deadly Assassin: Part Three,1976-11-13,14,11,8.5,tt0811881,Classic Doctor Who
The Deadly Assassin: Part Four,1976-11-20,14,12,8.7,tt0811882,Classic Doctor Who
The Face of Evil: Part One,1977-01-01,14,13,7.7,tt0562912,Classic Doctor Who
The Face of Evil: Part Two,1977-01-08,14,14,7.6,tt0811883,Classic Doctor Who
The Face of Evil: Part Three,1977-01-15,14,15,7.8,tt0811884,Classic Doctor Who
The Face of Evil: Part Four,1977-01-22,14,16,7.5,tt0811885,Classic Doctor Who
The Robots of Death: Part One,1977-01-29,14,17,8.4,tt0302492,Classic Doctor Who
The Robots of Death: Part Two,1977-02-05,14,18,8.6,tt0811728,Classic Doctor Who
The Robots of Death: Part Three,1977-02-12,14,19,8.6,tt0811729,Classic Doctor Who
The Robots of Death: Part Four,1977-02-19,14,20,8.6,tt0811730,Classic Doctor Who
The Talons of Weng-Chiang: Part One,1977-02-26,14,21,8.8,tt0562961,Classic Doctor Who
The Talons of Weng-Chiang: Part Two,1977-03-05,14,22,8.7,tt0811742,Classic Doctor Who
The Talons of Weng-Chiang: Part Three,1977-03-12,14,23,8.7,tt0811743,Classic Doctor Who
The Talons of Weng-Chiang: Part Four,1977-03-19,14,24,8.8,tt0811744,Classic Doctor Who
The Talons of Weng-Chiang: Part Five,1977-03-26,14,25,8.8,tt0811745,Classic Doctor Who
The Talons of Weng-Chiang: Part Six,1977-04-02,14,26,8.9,tt0811746,Classic Doctor Who
Horror of Fang Rock: Part One,1977-09-03,15,1,8.1,tt0562852,Classic Doctor Who
Horror of Fang Rock: Part Two,1977-09-10,15,2,8.1,tt0811796,Classic Doctor Who
Horror of Fang Rock: Part Three,1977-09-17,15,3,8.2,tt0811797,Classic Doctor Who
Horror of Fang Rock: Part Four,1977-09-24,15,4,8.3,tt0811798,Classic Doctor Who
The Invisible Enemy: Part One,1977-10-01,15,5,7.4,tt0562924,Classic Doctor Who
The Invisible Enemy: Part Two,1977-10-08,15,6,7,tt0811702,Classic Doctor Who
The Invisible Enemy: Part Three,1977-10-15,15,7,7.2,tt0811703,Classic Doctor Who
The Invisible Enemy: Part Four,1977-10-22,15,8,6.8,tt0811704,Classic Doctor Who
Image of the Fendahl: Part One,1977-10-29,15,9,7.6,tt0562853,Classic Doctor Who
Image of the Fendahl: Part Two,1977-11-05,15,10,7.7,tt0811799,Classic Doctor Who
Image of the Fendahl: Part Three,1977-11-12,15,11,7.7,tt0811800,Classic Doctor Who
Image of the Fendahl: Part Four,1977-11-19,15,12,7.6,tt0811801,Classic Doctor Who
The Sun Makers: Part One,1977-11-26,15,13,7.7,tt0562960,Classic Doctor Who
The Sun Makers: Part Two,1977-12-03,15,14,7.8,tt0811739,Classic Doctor Who
The Sun Makers: Part Three,1977-12-10,15,15,7.7,tt0811740,Classic Doctor Who
The Sun Makers: Part Four,1977-12-17,15,16,7.8,tt0811741,Classic Doctor Who
Underworld: Part One,1978-01-07,15,17,6.4,tt0562981,Classic Doctor Who
Underworld: Part Two,1978-01-14,15,18,5.8,tt0811763,Classic Doctor Who
Underworld: Part Three,1978-01-21,15,19,5.8,tt0811764,Classic Doctor Who
Underworld: Part Four,1978-01-28,15,20,6.2,tt0811765,Classic Doctor Who
The Invasion of Time: Part One,1978-02-04,15,21,7.9,tt0562923,Classic Doctor Who
The Invasion of Time: Part Two,1978-02-11,15,22,7.5,tt0811697,Classic Doctor Who
The Invasion of Time: Part Three,1978-02-18,15,23,7.8,tt0811698,Classic Doctor Who
The Invasion of Time: Part Four,1978-02-25,15,24,7.6,tt0811699,Classic Doctor Who
The Invasion of Time: Part Five,1978-03-04,15,25,7.5,tt0811700,Classic Doctor Who
The Invasion of Time: Part Six,1978-03-11,15,26,7.4,tt0811701,Classic Doctor Who
The Ribos Operation: Part One,1978-09-02,16,1,7.6,tt0562946,Classic Doctor Who
The Ribos Operation: Part Two,1978-09-09,16,2,7.7,tt0811725,Classic Doctor Who
The Ribos Operation: Part Three,1978-09-16,16,3,7.5,tt0811726,Classic Doctor Who
The Ribos Operation: Part Four,1978-09-23,16,4,7.8,tt0811727,Classic Doctor Who
The Pirate Planet: Part One,1978-09-30,16,5,7.7,tt0562941,Classic Doctor Who
The Pirate Planet: Part Two,1978-10-07,16,6,8.1,tt0811719,Classic Doctor Who
The Pirate Planet: Part Three,1978-10-14,16,7,7.9,tt0811720,Classic Doctor Who
The Pirate Planet: Part Four,1978-10-21,16,8,8,tt0811721,Classic Doctor Who
The Stones of Blood: Part One,1978-10-28,16,9,7.6,tt0562959,Classic Doctor Who
The Stones of Blood: Part Two,1978-11-04,16,10,8,tt0811736,Classic Doctor Who
The Stones of Blood: Part Three,1978-11-11,16,11,7.7,tt0811737,Classic Doctor Who
The Stones of Blood: Part Four,1978-11-18,16,12,7.7,tt0811738,Classic Doctor Who
The Androids of Tara: Part One,1978-11-25,16,13,7.5,tt0562889,Classic Doctor Who
The Androids of Tara: Part Two,1978-12-02,16,14,7.5,tt0811859,Classic Doctor Who
The Androids of Tara: Part Three,1978-12-09,16,15,7.5,tt0811860,Classic Doctor Who
The Androids of Tara: Part Four,1978-12-16,16,16,7.6,tt0811861,Classic Doctor Who
The Power of Kroll: Part One,1978-12-23,16,17,6.6,tt0562942,Classic Doctor Who
The Power of Kroll: Part Two,1978-12-30,16,18,7,tt0811722,Classic Doctor Who
The Power of Kroll: Part Three,1979-01-06,16,19,6.8,tt0811723,Classic Doctor Who
The Power of Kroll: Part Four,1979-01-13,16,20,6.7,tt0811724,Classic Doctor Who
The Armageddon Factor: Part One,1979-01-20,16,21,7.2,tt0562892,Classic Doctor Who
The Armageddon Factor: Part Two,1979-01-27,16,22,7.1,tt0811862,Classic Doctor Who
The Armageddon Factor: Part Three,1979-02-03,16,23,7.4,tt0811863,Classic Doctor Who
The Armageddon Factor: Part Four,1979-02-10,16,24,7,tt0811864,Classic Doctor Who
The Armageddon Factor: Part Five,1979-02-17,16,25,7.4,tt0811865,Classic Doctor Who
The Armageddon Factor: Part Six,1979-02-24,16,26,7.3,tt0811866,Classic Doctor Who
Destiny Of The Daleks Episode One,1979-09-01,17,1,7.4,tt0562840,Classic Doctor Who
Destiny of the Daleks: Episode Two,1979-09-08,17,2,7.7,tt0811667,Classic Doctor Who
Destiny of the Daleks: Episode Three,1979-09-15,17,3,7.7,tt0811668,Classic Doctor Who
Destiny of the Daleks: Episode Four,1979-09-22,17,4,7.5,tt0811669,Classic Doctor Who
City of Death: Part One,1979-09-29,17,5,8.9,tt0562835,Classic Doctor Who
City of Death: Part Two,1979-10-06,17,6,8.8,tt0811662,Classic Doctor Who
City of Death: Part Three,1979-10-13,17,7,8.7,tt0811663,Classic Doctor Who
City of Death: Part Four,1979-10-20,17,8,8.8,tt0811664,Classic Doctor Who
The Creature from the Pit: Part Two,1979-10-27,17,9,6.9,tt0562900,Classic Doctor Who
The Creature from the Pit: Part Two,1979-11-03,17,10,6.6,tt0811874,Classic Doctor Who
The Creature from the Pit: Part Three,1979-11-10,17,11,7,tt0811875,Classic Doctor Who
The Creature from the Pit: Part Four,1979-11-17,17,12,7.1,tt0811876,Classic Doctor Who
Nightmare of Eden: Part Two,1979-11-24,17,13,7.1,tt0562863,Classic Doctor Who
Nightmare of Eden: Part Two,1979-12-01,17,14,7,tt0811817,Classic Doctor Who
Nightmare of Eden: Part Three,1979-12-08,17,15,7.4,tt0811818,Classic Doctor Who
Nightmare of Eden: Part Four,1979-12-15,17,16,7.3,tt0811819,Classic Doctor Who
The Horns of Nimon: Part One,1979-12-22,17,17,6.5,tt0562920,Classic Doctor Who
The Horns of Nimon: Part Two,1979-12-29,17,18,6.5,tt0811694,Classic Doctor Who
The Horns of Nimon: Part Three,1980-01-05,17,19,5.8,tt0811695,Classic Doctor Who
The Horns of Nimon: Part Four,1980-01-12,17,20,6.2,tt0811696,Classic Doctor Who
The Leisure Hive: Part One,1980-08-30,18,1,6.5,tt0562929,Classic Doctor Who
The Leisure Hive: Part Two,1980-09-06,18,2,6.5,tt0811709,Classic Doctor Who
The Leisure Hive: Part Three,1980-09-13,18,3,6.6,tt0811710,Classic Doctor Who
The Leisure Hive: Part Four,1980-09-20,18,4,6.4,tt0811711,Classic Doctor Who
Meglos: Part One,1980-09-27,18,5,6.4,tt0562860,Classic Doctor Who
Meglos: Part Two,1980-10-04,18,6,6.4,tt0811811,Classic Doctor Who
Meglos: Part Three,1980-10-11,18,7,6.1,tt0811812,Classic Doctor Who
Meglos: Part Four,1980-10-18,18,8,6.2,tt0811813,Classic Doctor Who
Full Circle: Part One,1980-10-25,18,9,7.3,tt0562847,Classic Doctor Who
Full Circle: Part Two,1980-11-01,18,10,7.5,tt0811684,Classic Doctor Who
Full Circle: Part Three,1980-11-08,18,11,7.2,tt0811685,Classic Doctor Who
Full Circle: Part Four,1980-11-15,18,12,7.5,tt0811686,Classic Doctor Who
State of Decay: Part One,1980-11-22,18,13,7.6,tt0562880,Classic Doctor Who
State of Decay: Part Two,1980-11-29,18,14,7.8,tt0811842,Classic Doctor Who
State of Decay: Part Three,1980-12-06,18,15,7.8,tt0811843,Classic Doctor Who
State of Decay: Part Four,1980-12-13,18,16,7.6,tt0811844,Classic Doctor Who
Warriors' Gate: Part One,1981-01-03,18,17,7.6,tt0562984,Classic Doctor Who
Warriors' Gate: Part Two,1981-01-10,18,18,7.5,tt0811770,Classic Doctor Who
Warriors' Gate: Part Three,1981-01-17,18,19,7.4,tt0811771,Classic Doctor Who
Warriors' Gate: Part Four,1981-01-24,18,20,7.5,tt0811772,Classic Doctor Who
The Keeper of Traken: Part One,1981-01-31,18,21,7.9,tt0562925,Classic Doctor Who
The Keeper of Traken: Part Two,1981-02-07,18,22,7.9,tt0811705,Classic Doctor Who
The Keeper of Traken: Part Three,1981-02-14,18,23,7.8,tt0811706,Classic Doctor Who
The Keeper of Traken: Part Four,1981-02-21,18,24,8,tt0811707,Classic Doctor Who
Logopolis: Part One,1981-02-28,18,25,7.9,tt0562857,Classic Doctor Who
Logopolis: Part Two,1981-03-07,18,26,7.7,tt0811805,Classic Doctor Who
Logopolis: Part Three,1981-03-14,18,27,7.9,tt0811806,Classic Doctor Who
Logopolis: Part Four,1981-03-21,18,28,8.1,tt0811807,Classic Doctor Who
Castrovalva: Part One,1982-01-04,19,1,7.3,tt0562834,Classic Doctor Who
Castrovalva: Part Two,1982-01-05,19,2,7,tt0811659,Classic Doctor Who
Castrovalva: Part Three,1982-01-11,19,3,7.5,tt0811660,Classic Doctor Who
Castrovalva: Part Four,1982-01-12,19,4,7.3,tt0811661,Classic Doctor Who
Four to Doomsday: Part One,1982-01-18,19,5,6.8,tt0562844,Classic Doctor Who
Four to Doomsday: Part Two,1982-01-19,19,6,6.7,tt0811678,Classic Doctor Who
Four to Doomsday: Part Three,1982-01-25,19,7,6.7,tt0811679,Classic Doctor Who
Four to Doomsday: Part Four,1982-01-26,19,8,6.6,tt0811680,Classic Doctor Who
Kinda: Part One,1982-02-01,19,9,7.5,tt0562856,Classic Doctor Who
Kinda: Part Two,1982-02-02,19,10,7.7,tt0811802,Classic Doctor Who
Kinda: Part Three,1982-02-08,19,11,7.7,tt0811803,Classic Doctor Who
Kinda: Part Four,1982-02-09,19,12,7.6,tt0811804,Classic Doctor Who
The Visitation: Part One,1982-02-15,19,13,7.9,tt0562972,Classic Doctor Who
The Visitation: Part Two,1982-02-16,19,14,7.5,tt0811753,Classic Doctor Who
The Visitation: Part Three,1982-02-22,19,15,7.5,tt0811754,Classic Doctor Who
The Visitation: Part Four,1982-02-23,19,16,7.5,tt0811755,Classic Doctor Who
Black Orchid: Part One,1982-03-01,19,17,7.2,tt0562832,Classic Doctor Who
Black Orchid: Part Two,1982-03-02,19,18,7.4,tt0811658,Classic Doctor Who
Earthshock: Part One,1982-03-08,19,19,8.4,tt0562842,Classic Doctor Who
Earthshock: Part Two,1982-03-09,19,20,8.3,tt0811672,Classic Doctor Who
Earthshock: Part Three,1982-03-15,19,21,8.4,tt0811673,Classic Doctor Who
Earthshock: Part Four,1982-03-16,19,22,8.8,tt0811674,Classic Doctor Who
Time-Flight: Part One,1982-03-22,19,23,6.1,tt0562979,Classic Doctor Who
Time-Flight: Part Two,1982-03-23,19,24,6.5,tt0811759,Classic Doctor Who
Time-Flight: Part Three,1982-03-29,19,25,6.2,tt0811760,Classic Doctor Who
Time-Flight: Part Four,1982-03-30,19,26,6.1,tt0811761,Classic Doctor Who
Arc of Infinity: Part One,1983-01-03,20,1,6.8,tt0562829,Classic Doctor Who
Arc of Infinity: Part Two,1983-01-05,20,2,6.9,tt0811651,Classic Doctor Who
Arc of Infinity: Part Three,1983-01-11,20,3,7.4,tt0811652,Classic Doctor Who
Arc of Infinity: Part Four,1983-01-12,20,4,6.9,tt0811653,Classic Doctor Who
Snakedance: Part One,1983-01-18,20,5,7,tt0562878,Classic Doctor Who
Snakedance: Part Two,1983-01-19,20,6,7.1,tt0811839,Classic Doctor Who
Snakedance: Part Three,1983-01-25,20,7,7.5,tt0811840,Classic Doctor Who
Snakedance: Part Four,1983-01-26,20,8,7,tt0811841,Classic Doctor Who
Mawdryn Undead: Part One,1983-02-01,20,9,7.6,tt0562859,Classic Doctor Who
Mawdryn Undead: Part Two,1983-02-02,20,10,8,tt0811808,Classic Doctor Who
Mawdryn Undead: Part Three,1983-02-08,20,11,7.7,tt0811809,Classic Doctor Who
Mawdryn Undead: Part Four,1983-02-09,20,12,7.8,tt0811810,Classic Doctor Who
Terminus: Part One,1983-02-15,20,13,6.4,tt0562882,Classic Doctor Who
Terminus: Part Two,1983-02-16,20,14,6.3,tt0811847,Classic Doctor Who
Terminus: Part Three,1983-02-22,20,15,6.6,tt0811848,Classic Doctor Who
Terminus: Part Four,1983-02-23,20,16,6.6,tt0811849,Classic Doctor Who
Enlightenment: Part One,1983-03-01,20,17,7.9,tt0562843,Classic Doctor Who
Enlightenment: Part Two,1983-03-02,20,18,8,tt0811675,Classic Doctor Who
Enlightenment: Part Three,1983-03-08,20,19,8,tt0811676,Classic Doctor Who
Enlightenment: Part Four,1983-03-09,20,20,8,tt0811677,Classic Doctor Who
The King's Demons: Part One,1983-03-15,20,21,6.5,tt0562927,Classic Doctor Who
The King's Demons: Part Two,1983-03-16,20,22,6.7,tt0811708,Classic Doctor Who
The Five Doctors,1983-11-25,20,23,8.2,tt0123044,Classic Doctor Who
Warriors of the Deep: Part One,1984-01-05,21,1,6.3,tt0562983,Classic Doctor Who
Warriors of the Deep: Part Two,1984-01-06,21,2,6.6,tt0811767,Classic Doctor Who
Warriors of the Deep: Part Three,1984-01-12,21,3,6.7,tt0811768,Classic Doctor Who
Warriors of the Deep: Part Four,1984-01-13,21,4,6.4,tt0811769,Classic Doctor Who
The Awakening: Part One,1984-01-19,21,5,7.1,tt0562893,Classic Doctor Who
The Awakening: Part Two,1984-01-20,21,6,7,tt0811867,Classic Doctor Who
Frontios: Part One,1984-01-26,21,7,7.4,tt0562846,Classic Doctor Who
Frontios: Part Two,1984-01-27,21,8,7.1,tt0811681,Classic Doctor Who
Frontios: Part Three,1984-02-02,21,9,7.1,tt0811682,Classic Doctor Who
Frontios: Part Four,1984-02-03,21,10,7.2,tt0811683,Classic Doctor Who
Resurrection of the Daleks: Part One,1984-02-08,21,11,7.8,tt0562872,Classic Doctor Who
Resurrection of the Daleks: Part Two,1984-02-15,21,12,7.9,tt0811835,Classic Doctor Who
Planet of Fire: Part One,1984-02-23,21,13,7.3,tt0562866,Classic Doctor Who
Planet of Fire: Part Two,1984-02-24,21,14,7.6,tt0811826,Classic Doctor Who
Planet of Fire: Part Three,1984-03-01,21,15,7.4,tt0811827,Classic Doctor Who
Planet of Fire: Part Four,1984-03-02,21,16,7.4,tt0811828,Classic Doctor Who
The Caves of Androzani: Part One,1984-03-08,21,17,8.6,tt0562896,Classic Doctor Who
The Caves of Androzani: Part Two,1984-03-09,21,18,8.6,tt0811871,Classic Doctor Who
The Caves of Androzani: Part Three,1984-03-15,21,19,8.7,tt0811872,Classic Doctor Who
The Caves of Androzani: Part Four,1984-03-16,21,20,9.1,tt0811873,Classic Doctor Who
The Twin Dilemma: Part One,1984-03-22,21,21,5.1,tt0562968,Classic Doctor Who
The Twin Dilemma: Part Two,1984-03-23,21,22,5.2,tt0811747,Classic Doctor Who
The Twin Dilemma: Part Three,1984-03-29,21,23,5.7,tt0811748,Classic Doctor Who
The Twin Dilemma: Part Four,1984-03-30,21,24,5.8,tt0811749,Classic Doctor Who
Attack of the Cybermen: Part One,1985-01-05,22,1,6.9,tt0562830,Classic Doctor Who
Attack of the Cybermen: Part Two,1985-01-12,22,2,6.8,tt0811654,Classic Doctor Who
Vengeance on Varos: Part One,1985-01-19,22,3,7.7,tt0562982,Classic Doctor Who
Vengeance on Varos: Part Two,1985-01-26,22,4,7.5,tt0811766,Classic Doctor Who
The Mark of the Rani: Part One,1985-02-02,22,5,6.9,tt0562931,Classic Doctor Who
The Mark of the Rani: Part Two,1985-02-09,22,6,6.7,tt0811712,Classic Doctor Who
The Two Doctors: Part One,1985-02-16,22,7,7.5,tt0562969,Classic Doctor Who
The Two Doctors: Part Two,1985-02-23,22,8,7.5,tt0811750,Classic Doctor Who
The Two Doctors: Part Three,1985-03-02,22,9,7.4,tt0811751,Classic Doctor Who
Timelash: Part One,1985-03-09,22,10,5.5,tt0562980,Classic Doctor Who
Timelash: Part Two,1985-03-16,22,11,5.2,tt0811762,Classic Doctor Who
Revelation of the Daleks: Part One,1985-03-23,22,12,7.7,tt0562873,Classic Doctor Who
Revelation of the Daleks: Part Two,1985-03-30,22,13,7.9,tt0811836,Classic Doctor Who
The Trial of a Time Lord: Part One,1986-09-06,23,1,7.2,tt0562939,Classic Doctor Who
The Trial of a Time Lord: Part Two,1986-09-13,23,2,6.8,tt0811716,Classic Doctor Who
The Trial of a Time Lord: Part Three,1986-09-20,23,3,6.9,tt0811717,Classic Doctor Who
The Trial of a Time Lord: Part Four,1986-09-27,23,4,6.7,tt0811718,Classic Doctor Who
The Trial of a Time Lord: Part Five,1986-10-04,23,5,7.1,tt0562861,Classic Doctor Who
The Trial of a Time Lord: Part Six,1986-10-11,23,6,7.5,tt0811814,Classic Doctor Who
The Trial of a Time Lord: Part Seven,1986-10-18,23,7,6.9,tt0811815,Classic Doctor Who
The Trial of a Time Lord: Part Eight,1986-10-25,23,8,7.5,tt0811816,Classic Doctor Who
The Trial of a Time Lord: Part Nine,1986-11-01,23,9,6.9,tt0562884,Classic Doctor Who
The Trial of a Time Lord: Part Ten,1986-11-08,23,10,7.2,tt0811850,Classic Doctor Who
The Trial of a Time Lord: Part Eleven,1986-11-15,23,11,7,tt0811851,Classic Doctor Who
The Trial of a Time Lord: Part Twelve,1986-11-22,23,12,7.2,tt0811852,Classic Doctor Who
The Trial of a Time Lord: Part Thirteen,1986-11-29,23,13,7.5,tt0562970,Classic Doctor Who
The Trial of a Time Lord: Part Fourteen,1986-12-06,23,14,6.8,tt0811752,Classic Doctor Who
Time and the Rani: Part One,1987-09-07,24,1,4.9,tt0562978,Classic Doctor Who
Time and the Rani: Part Two,1987-09-14,24,2,4.7,tt0811756,Classic Doctor Who
Time and the Rani: Part Three,1987-09-21,24,3,4.6,tt0811757,Classic Doctor Who
Time and the Rani: Part Four,1987-09-28,24,4,5,tt0811758,Classic Doctor Who
Paradise Towers: Part One,1987-10-05,24,5,6.3,tt0562864,Classic Doctor Who
Paradise Towers: Part Two,1987-10-12,24,6,6.1,tt0811820,Classic Doctor Who
Paradise Towers: Part Three,1987-10-19,24,7,6.4,tt0811821,Classic Doctor Who
Paradise Towers: Part Four,1987-10-26,24,8,6.1,tt0811822,Classic Doctor Who
Delta and the Bannermen: Part One,1987-11-02,24,9,5.9,tt0562839,Classic Doctor Who
Delta and the Bannermen: Part Two,1987-11-09,24,10,5.8,tt0811665,Classic Doctor Who
Delta and the Bannermen: Part Three,1987-11-16,24,11,5.9,tt0811666,Classic Doctor Who
Dragonfire: Part One,1987-11-23,24,12,6.4,tt0562841,Classic Doctor Who
Dragonfire: Part Two,1987-11-30,24,13,6.4,tt0811670,Classic Doctor Who
Dragonfire: Part Three,1987-12-07,24,14,6.5,tt0811671,Classic Doctor Who
Remembrance of the Daleks: Part One,1988-10-05,25,1,8.6,tt0562871,Classic Doctor Who
Remembrance of the Daleks: Part Two,1988-10-12,25,2,8.4,tt0811832,Classic Doctor Who
Remembrance of the Daleks: Part Three,1988-10-19,25,3,8.6,tt0811833,Classic Doctor Who
Remembrance of the Daleks: Part Four,1988-10-26,25,4,8.7,tt0811834,Classic Doctor Who
The Happiness Patrol: Part One,1988-11-02,25,5,6.9,tt0562918,Classic Doctor Who
The Happiness Patrol: Part Two,1988-11-09,25,6,6.4,tt0811692,Classic Doctor Who
The Happiness Patrol: Part Three,1988-11-16,25,7,6.9,tt0811693,Classic Doctor Who
Silver Nemesis: Part One,1988-11-23,25,8,6.6,tt0562877,Classic Doctor Who
Silver Nemesis: Part Two,1988-11-30,25,9,6.5,tt0811837,Classic Doctor Who
Silver Nemesis: Part Three,1988-12-07,25,10,6.3,tt0811838,Classic Doctor Who
The Greatest Show in the Galaxy: Part One,1988-12-14,25,11,7.5,tt0562914,Classic Doctor Who
The Greatest Show in the Galaxy: Part Two,1988-12-21,25,12,7.1,tt0811886,Classic Doctor Who
The Greatest Show in the Galaxy: Part Three,1988-12-28,25,13,7,tt0811887,Classic Doctor Who
The Greatest Show in the Galaxy: Part Four,1989-01-04,25,14,7.4,tt0811888,Classic Doctor Who
Battlefield: Part One,1989-09-06,26,1,7.4,tt0562831,Classic Doctor Who
Battlefield: Part Two,1989-09-13,26,2,7.4,tt0811655,Classic Doctor Who
Battlefield: Part Three,1989-09-20,26,3,7.4,tt0811656,Classic Doctor Who
Battlefield: Part Four,1989-09-27,26,4,7.5,tt0811657,Classic Doctor Who
Ghost Light: Part One,1989-10-04,26,5,7.5,tt0562851,Classic Doctor Who
Ghost Light: Part Two,1989-10-11,26,6,7.1,tt0811687,Classic Doctor Who
Ghost Light: Part Three,1989-10-18,26,7,7.4,tt0811688,Classic Doctor Who
The Curse of Fenric: Part One,1989-10-25,26,8,8.3,tt0562902,Classic Doctor Who
The Curse of Fenric: Part Two,1989-11-01,26,9,8.3,tt0811877,Classic Doctor Who
The Curse of Fenric: Part Three,1989-11-08,26,10,8.4,tt0811878,Classic Doctor Who
The Curse of Fenric: Part Four,1989-11-15,26,11,8.2,tt0811879,Classic Doctor Who
Survival: Part One,1989-11-22,26,12,7.7,tt0562881,Classic Doctor Who
Survival: Part Two,1989-11-29,26,13,7.6,tt0811845,Classic Doctor Who
Survival: Part Three,1989-12-06,26,14,7.8,tt0811846,Classic Doctor Who