Title,Released,imdbRating,imdbID,Downloaded?
Les vampires,1915-11-13,7.3,tt0006206,YT
Way Down East,1920-09-03,7.4,tt0011841,YT
Way Down East,1935-10-16,6,tt0027185,YT
Orphans of the Storm,1921-12-28,7.3,tt0012532,YT
Körkarlen,1921-01-01,8.1,tt0012364,Y
La souriante Madame Beudet,1923-11-09,6.7,tt0013626,YT
"Dr. Mabuse, der Spieler",1922-04-27,7.9,tt0013086,YT
Nanook of the North,1922-06-11,7.6,tt0013427,YT
Häxan,1922-09-18,7.7,tt0013257,YT
Foolish Wives,1922-01-11,7,tt0013140,YT
Our Hospitality,1923-11-19,7.8,tt0014341,YT
La roue,1923-02-17,7.5,tt0014417,L
Der letzte Mann,1924-12-23,8.1,tt0015064,YT
Stachka,1925-04-28,7.6,tt0015361,YT
Sherlock Jr.,1924-04-21,8.2,tt0015324,YT
The Great White Silence,1922-11-24,8,tt1764657,YT
Greed,1924-12-04,8.1,tt0015881,L
The Eagle,1925-11-08,6.6,tt0015772,YT
The Phantom of the Opera,1925-09-06,7.6,tt0016220,YT
The Gold Rush,1925-06-26,8.2,tt0015864,YT
The Big Parade,1925-11-05,7.9,tt0015624,Y
Seven Chances,1925-03-11,7.9,tt0016332,YT
Die Abenteuer des Prinzen Achmed,1926-02-01,7.8,tt0015532,Y
Sunrise: A Song of Two Humans,1927-09-23,8.1,tt0018455,YT
The Unknown,1927-06-04,7.7,tt0018528,L
Oktyabr,1927-11-07,7.5,tt0018217,YT
The Jazz Singer,1927-10-06,6.5,tt0018037,Y
Napoléon vu par Abel Gance,1927-04-07,8.2,tt0018192,Y
The Kid Brother,1927-01-22,7.6,tt0018051,YT
The Crowd,1928-02-28,8.1,tt0018806,Y
The Docks of New York,1928-09-16,7.5,tt0018839,YT
Potomok Chingis-Khana,1928-11-10,7.1,tt0019286,YT
Prapancha Pash,1929-08-16,6.5,tt0020286,YT
Chelovek s kino-apparatom,1929-01-07,8.4,tt0019760,YT
Die Büchse der Pandora,1929-01-30,7.8,tt0018737,Y
Blackmail,1929-07-28,7,tt0019702,L
Little Caesar,1931-01-09,7.2,tt0021079,YT
Der blaue Engel,1930-04-01,7.7,tt0020697,Y
L'âge d'or,1930-11-29,7.3,tt0021577,YT
Zemlya,1930-04-08,7.3,tt0021571,YT
À nous la liberté,1931-12-18,7.5,tt0022599,YT
Limite,1931-05-17,7.2,tt0022080,Y
Tabu: A Story of the South Seas,1931-03-18,7.5,tt0022458,YT
Dracula,1931-02-12,7.5,tt0021814,Y
The Public Enemy,1931-04-23,7.6,tt0022286,Y
Le million,1931-04-15,7.4,tt0022150,Y
La chienne,1931-11-19,7.6,tt0021739,Y
Vampyr,1932-05-06,7.5,tt0023649,YT
I Am a Fugitive from a Chain Gang,1932-11-10,8.2,tt0023042,Y
Boudu sauvé des eaux,1932-11-11,7.3,tt0022718,Y
Love Me Tonight,1932-08-18,7.6,tt0023158,YT
Shanghai Express,1932-02-12,7.3,tt0023458,Y
Trouble in Paradise,1932-10-30,8,tt0023622,L
Scarface,1932-04-09,7.7,tt0023427,Y
Me and My Gal,1932-12-03,6.6,tt0023202,YT
42nd Street,1933-03-09,7.4,tt0024034,Y
Footlight Parade,1933-09-30,7.6,tt0024028,Y
The Bitter Tea of General Yen,1933-01-06,7,tt0023814,Y
She Done Him Wrong,1933-01-27,6.4,tt0024548,Y
Duck Soup,1933-11-17,7.8,tt0023969,Y
Zéro de conduite: Jeunes diables au collège,1933-04-07,7.3,tt0024803,YT
Gold Diggers of 1933,1933-05-27,7.7,tt0024069,Y
Las Hurdes,1933-12-01,7.4,tt0023037,YT
Sons of the Desert,1933-12-29,7.6,tt0024601,YT
Queen Christina,1933-12-26,7.6,tt0024481,Y
Triumph des Willens,1935-03-28,7.2,tt0025913,L
It's a Gift,1934-11-17,7.2,tt0025318,Y
Shen nu,1934-01-01,7.7,tt0195256,YT
L'Atalante,1934-04-25,7.8,tt0024844,Y
The Black Cat,1934-05-07,7,tt0024894,Y
The Thin Man,1934-05-25,8,tt0025878,Y
Judge Priest,1934-09-28,6.3,tt0025335,YT
Mutiny on the Bounty,1935-11-08,7.7,tt0026752,Y
The 39 Steps,1935-06-06,7.6,tt0026029,YT
A Night at the Opera,1935-11-15,7.9,tt0026778,Y
Captain Blood,1935-12-28,7.7,tt0026174,Y
Top Hat,1935-08-29,7.8,tt0027125,Y
Peter Ibbetson,1935-10-31,7,tt0026866,YT
Swing Time,1936-09-04,7.5,tt0028333,L
Mr. Deeds Goes to Town,1936-04-12,7.9,tt0027996,YT
My Man Godfrey,1936-09-06,8,tt0028010,YT
Le roman d'un tricheur,1936-09-19,7.6,tt0028201,Y
Camille,1936-12-12,7.4,tt0028683,Y
Things to Come,1936-02-20,6.7,tt0028358,YT
Dodsworth,1936-09-23,7.8,tt0027532,Y
Partie de campagne,1946-05-08,7.6,tt0028445,
Sabotage,1936-12-02,7.1,tt0028212,YT
Pépé le Moko,1937-01-28,7.7,tt0029453,Y
La grande illusion,1937-06-08,8.1,tt0028950,Y
Stella Dallas,1937-08-06,7.4,tt0029608,Y
Ye ban ge sheng,1937-01-01,6.2,tt0206442,YT
Captains Courageous,1937-05-11,8,tt0028691,Y
The Awful Truth,1937-10-21,7.7,tt0028597,Y
The Life of Emile Zola,1937-08-11,7.2,tt0029146,Y
Jezebel,1938-03-10,7.5,tt0030287,Y
Angels with Dirty Faces,1938-11-26,7.9,tt0029870,Y
La femme du boulanger,1938-09-07,7.5,tt0030127,Y
Bringing Up Baby,1938-02-16,7.9,tt0029947,Y
Olympia 1. Teil - Fest der Völker,1938-04-20,7.8,tt0030522,YT
Olympia 2. Teil - Fest der Schönheit,1938-04-20,7.7,tt0030523,L
The Lady Vanishes,1938-10-07,7.8,tt0030341,L
Wuthering Heights,1939-03-24,7.6,tt0032145,Y
Stagecoach,1939-02-02,7.9,tt0031971,YT
Only Angels Have Wings,1939-05-15,7.7,tt0031762,Y
Destry Rides Again,1939-12-29,7.7,tt0031225,L
Le jour se lève,1939-06-09,7.7,tt0031514,Y
Gunga Din,1939-01-24,7.3,tt0031398,Y
Ninotchka,1939-11-09,7.9,tt0031725,Y
La règle du jeu,1939-07-07,8,tt0031885,Y
Zangiku monogatari,1939-10-13,7.9,tt0032156,YT
Babes in Arms,1939-09-15,6.4,tt0031066,Y
His Girl Friday,1940-01-18,7.9,tt0032599,YT
The Philadelphia Story,1940-12-26,7.9,tt0032904,Y
The Grapes of Wrath,1940-01-24,8.1,tt0032551,Y
The Mortal Storm,1940-06-14,7.8,tt0032811,Y
The Bank Dick,1940-11-29,7.2,tt0032234,Y
"Dance, Girl, Dance",1940-08-30,6.8,tt0032376,Y
Sergeant York,1941-07-02,7.7,tt0034167,Y
The Lady Eve,1941-02-25,7.8,tt0033804,Y
The Wolf Man,1941-12-12,7.3,tt0034398,Y
High Sierra,1941-01-23,7.5,tt0033717,Y
How Green Was My Valley,1941-10-28,7.7,tt0033729,Y
Sullivan's Travels,1941-12-29,7.9,tt0034240,Y
The Palm Beach Story,1942-12-10,7.5,tt0035169,YT
"Now, Voyager",1942-10-22,7.9,tt0035140,Y
To Be or Not to Be,1942-02-19,8.2,tt0035446,L
The Magnificent Ambersons,1942-07-10,7.7,tt0035015,Y
Yankee Doodle Dandy,1942-05-29,7.7,tt0035575,Y
Mrs. Miniver,1942-06-04,7.6,tt0035093,Y
Cat People,1942-12-05,7.3,tt0034587,Y
Fires Were Started,1943-04-12,6.5,tt0035881,Y
The Ox-Bow Incident,1943-05-08,8,tt0036244,YT
The Life and Death of Colonel Blimp,1943-06-10,8.1,tt0036112,YT
Meshes of the Afternoon,1943-01-01,7.9,tt0036154,YT
The Seventh Victim,1943-08-21,6.8,tt0036341,Y
The Man in Grey,1943-08-23,6.6,tt0036135,YT
Shadow of a Doubt,1943-01-12,7.8,tt0036342,L
Ossessione,1943-05-16,7.6,tt0035160,YT
I Walked with a Zombie,1943-04-21,7.1,tt0036027,Y
Laura,1944-10-11,8,tt0037008,Y
Meet Me in St. Louis,1944-11-22,7.6,tt0037059,Y
Gaslight,1944-05-04,7.8,tt0036855,Y
The Chronicle History of King Henry the Fifth with His Battell Fought at Agincourt in France,1944-11-22,7.1,tt0036910,YT
Double Indemnity,1944-07-03,8.3,tt0036775,Y
"Murder, My Sweet",1944-12-09,7.6,tt0037101,Y
Ivan Groznyy,1944-12-30,7.8,tt0037824,Y
Ivan Groznyy. Skaz vtoroy: Boyarskiy zagovor,1958-01-01,7.9,tt0051790,L
Mildred Pierce,1945-09-28,8,tt0037913,Y
Detour,1945-11-15,7.4,tt0037638,Y
I Know Where I'm Going!,1945-11-16,7.5,tt0037800,YT
The Lost Weekend,1945-11-29,7.9,tt0037884,Y
Les enfants du paradis,1945-03-09,8.4,tt0037674,Y
San Pietro,1945-05-03,6.6,tt0036630,YT
Brief Encounter,1945-11-13,8,tt0037558,YT
Spellbound,1945-10-31,7.5,tt0038109,YT
The Best Years of Our Lives,1946-11-21,8.1,tt0036868,Y
Paisà,1946-12-10,7.6,tt0038823,YT
The Postman Always Rings Twice,1946-05-02,7.4,tt0038854,Y
La belle et la bête,1946-10-29,7.9,tt0038348,Y
The Killers,1946-08-30,7.8,tt0038669,YT
The Big Sleep,1946-08-23,7.9,tt0038355,Y
Gilda,1946-03-14,7.6,tt0038559,Y
A Matter of Life and Death,1946-11-01,8,tt0038733,YT
Great Expectations,1946-12-16,7.8,tt0038574,Y
My Darling Clementine,1946-12-03,7.7,tt0038762,Y
Notorious,1946-09-06,7.9,tt0038787,YT
Black Narcissus,1947-05-04,7.8,tt0039192,YT
The Stranger,1946-07-02,7.3,tt0038991,YT
Out of the Past,1947-11-25,8,tt0039689,Y
Monsieur Verdoux,1947-04-11,7.8,tt0039631,YT
Odd Man Out,1947-01-31,7.7,tt0039677,YT
The Ghost and Mrs. Muir,1947-06-26,7.8,tt0039420,Y
Letter from an Unknown Woman,1948-04-28,7.9,tt0040536,Y
Secret Beyond the Door...,1947-12-24,6.7,tt0040766,L
Force of Evil,1948-12-25,7.2,tt0040366,YT
Xiao cheng zhi chun,1948-01-01,7.4,tt0189219,YT
Red River,1948-08-26,7.8,tt0040724,YT
The Paleface,1948-12-24,6.7,tt0040679,YT
The Snake Pit,1948-11-13,7.6,tt0040806,Y
The Lady from Shanghai,1947-12-24,7.5,tt0040525,YT
Rope,1948-08-26,7.9,tt0040746,Y
The Red Shoes,1948-09-06,8.1,tt0040725,YT
Louisiana Story,1948-09-28,6.6,tt0040550,YT
Gun Crazy,1950-01-20,7.6,tt0042530,Y
The Reckless Moment,1949-12-29,7.1,tt0041786,YT
White Heat,1949-09-02,8.1,tt0042041,Y
Adam's Rib,1949-11-18,7.5,tt0041090,Y
The Heiress,1949-10-06,8.1,tt0041452,Y
Kind Hearts and Coronets,1949-06-13,8,tt0041546,Y
Whisky Galore!,1949-06-16,7.2,tt0042040,L
On the Town,1949-12-08,7.3,tt0041716,L
Orphée,1950-09-29,7.9,tt0041719,YT
The Asphalt Jungle,1950-05-12,7.8,tt0042208,Y
Rashômon,1950-08-25,8.2,tt0042876,Y
Winchester '73,1950-07-12,7.6,tt0043137,Y
Rio Grande,1950-11-15,7,tt0042895,Y
Los olvidados,1950-12-09,8.3,tt0042804,
In a Lonely Place,1950-08-01,7.9,tt0042593,
Ace in the Hole,1951-06-14,8.1,tt0043338,L
An American in Paris,1951-10-04,7.2,tt0043278,
Pandora and the Flying Dutchman,1951-02-01,6.9,tt0043899,
The African Queen,1951-12-26,7.7,tt0043265,
A Place in the Sun,1951-04-05,7.7,tt0043924,
The Lavender Hill Mob,1951-06-28,7.5,tt0044829,L
Journal d'un curé de campagne,1951-02-07,7.8,tt0042619,
The Day the Earth Stood Still,1951-09-18,7.8,tt0043456,
The Quiet Man,1952-06-06,7.7,tt0045061,
Jeux interdits,1952-05-09,8,tt0043686,
Europa '51,1952-12-04,7.4,tt0043511,
The Bad and the Beautiful,1952-12-25,7.8,tt0044391,
Ikiru,1952-10-09,8.3,tt0044741,
Umberto D.,1952-01-20,8.2,tt0045274,YT
Le carrosse d'or,1952-12-03,7,tt0044487,YT
Angel Face,1953-02-04,7.2,tt0044357,
The Big Sky,1952-07-29,6.9,tt0044419,L
Sommaren med Monika,1953-02-09,7.5,tt0046345,
Pickup on South Street,1953-05-27,7.6,tt0046187,YT
The Band Wagon,1953-08-07,7.4,tt0045537,
Madame de...,1953-09-16,7.9,tt0046022,
Le salaire de la peur,1953-04-22,8.2,tt0046268,
The Bigamist,1953-12-03,6.8,tt0045557,YT
The Naked Spur,1953-02-01,7.3,tt0044953,
Tôkyô monogatari,1953-11-03,8.2,tt0046438,
Ugetsu monogatari,1953-03-26,8.2,tt0046478,YT
Viaggio in Italia,1954-09-07,7.3,tt0046511,
Roman Holiday,1953-08-27,8,tt0046250,
The Big Heat,1953-10-14,7.9,tt0045555,
Beat the Devil,1953-03-12,6.4,tt0046414,YT
On the Waterfront,1954-07-28,8.1,tt0047296,
La strada,1954-09-06,8,tt0047528,
Les diaboliques,1955-01-29,8.1,tt0046911,
A Star Is Born,1954-09-29,7.5,tt0047522,
Senso,1954-12-30,7.4,tt0047469,
Silver Lode,1954-06-24,6.9,tt0047495,YT
The Barefoot Contessa,1954-09-29,6.9,tt0046754,
Sanshô dayû,1954-03-31,8.4,tt0047445,YT
Carmen Jones,1954-10-28,6.7,tt0046828,
Johnny Guitar,1954-05-07,7.6,tt0047136,
Salt of the Earth,1954-03-14,7.4,tt0047443,YT
Seven Brides for Seven Brothers,1954-07-15,7.3,tt0047472,
Lola Montès,1955-12-23,7.3,tt0048308,
Pather Panchali,1955-08-26,8.3,tt0048473,
Ordet,1955-01-10,8.3,tt0048452,
Marty,1955-04-11,7.7,tt0048356,
Artists and Models,1955-11-07,6.5,tt0047840,
Les maîtres fous,1955-08-01,6.6,tt0048363,
Giv'a 24 Eina Ona,1955-11-02,5.9,tt0048121,
Bad Day at Black Rock,1955-01-07,7.7,tt0047849,
Nuit et brouillard,1956-01-01,8.6,tt0048434,
The Phenix City Story,1955-08-14,7.2,tt0048488,
The Man with the Golden Arm,1955-12-15,7.3,tt0048347,YT
Kiss Me Deadly,1955-05-18,7.5,tt0048261,
Guys and Dolls,1955-11-03,7.1,tt0048140,
The Ladykillers,1955-12-08,7.6,tt0048281,
Oklahoma!,1955-10-11,7,tt0048445,
Sommarnattens leende,1955-12-26,7.7,tt0048641,
Bob le flambeur,1956-08-24,7.6,tt0047892,
All That Heaven Allows,1955-08-25,7.6,tt0047811,
The Man from Laramie,1955-08-31,7.3,tt0048342,
Biruma no tategoto,1956-01-21,8,tt0049012,
Forbidden Planet,1956-03-03,7.5,tt0049223,
Written on the Wind,1956-10-05,7.4,tt0049966,
Un condamné à mort s'est échappé ou Le vent souffle où il veut,1956-11-11,8.3,tt0049902,
Bigger Than Life,1956-08-02,7.5,tt0049010,
Invasion of the Body Snatchers,1956-02-05,7.7,tt0049366,
Giant,1956-10-10,7.6,tt0049261,
High Society,1956-07-17,6.9,tt0049314,
Kumonosu-jô,1957-01-15,8.1,tt0050613,
Smultronstället,1957-12-26,8.1,tt0050986,
The Incredible Shrinking Man,1957-02-22,7.6,tt0050539,
Gunfight at the O.K. Corral,1957-05-29,7.2,tt0050468,
Le notti di Cabiria,1957-05-10,8.1,tt0050783,
Letyat zhuravli,1957-10-12,8.3,tt0050634,
Aparajito,1956-10-11,8.3,tt0048956,
Sweet Smell of Success,1957-06-27,8,tt0051036,
Mother India,1957-10-25,7.8,tt0050188,
Gigi,1958-05-15,6.7,tt0051658,
The Defiant Ones,1958-06-29,7.6,tt0051525,
Man of the West,1958-10-01,7.1,tt0051899,
Popiól i diament,1958-10-03,7.8,tt0052080,YT
Bab el hadid,1958-07-01,7.5,tt0051390,
Jalsaghar,1958-10-10,7.9,tt0051792,
Some Came Running,1958-12-18,7.3,tt0052218,
Dracula (1958),1958-05-07,7.3,tt0051554,
Les quatre cents coups,1959-05-04,8.1,tt0053198,
Pickpocket,1959-12-16,7.6,tt0053168,
Ride Lonesome,1959-02-15,7.1,tt0053220,YT
Orfeu Negro,1959-06-12,7.4,tt0053146,YT
Anatomy of a Murder,1959-07-02,8,tt0052561,
Shadows,1959-11-11,7.2,tt0053270,L
Apur Sansar,1959-05-01,8.5,tt0052572,
Rio Bravo,1959-04-04,8,tt0053221,
Ukikusa,1959-11-17,8,tt0053390,YT
Les yeux sans visage,1960-03-02,7.6,tt0053459,
Saturday Night and Sunday Morning,1960-10-27,7.5,tt0054269,
Le trou,1960-03-18,8.5,tt0054407,
Rocco e i suoi fratelli,1960-09-06,8.2,tt0054248,
L'avventura,1960-05-15,7.8,tt0053619,
Spartacus,1960-10-06,7.9,tt0054331,
Hanyo,1960-11-03,7.3,tt0150980,
Meghe Dhaka Tara,1960-04-14,7.9,tt0054073,
Tirez sur le pianiste,1960-11-25,7.4,tt0054389,
Peeping Tom,1960-04-07,7.6,tt0054167,
La maschera del demonio,1960-08-11,7.1,tt0054067,L
The Young One,1960-05-05,7.4,tt0053967,
Splendor in the Grass,1961-10-10,7.7,tt0055471,
Viridiana,1961-05-01,8.1,tt0055601,
La jetée,1962-02-16,8.2,tt0056119,
Lola,1961-03-03,7.5,tt0055093,
The Exiles,1961-01-01,6.7,tt0054861,
La notte,1961-01-24,8,tt0054130,
West Side Story,1961-10-18,7.6,tt0055614,
The Hustler,1961-09-25,8,tt0054997,
The Ladies Man,1961-06-28,6.3,tt0055069,
Såsom i en spegel,1961-10-16,8,tt0055499,
Chronique d'un été,1961-10-01,7.5,tt0054745,
L'année dernière à Marienbad,1961-06-25,7.7,tt0054632,
One-Eyed Jacks,1961-03-30,7.1,tt0055257,YT
Cléo de 5 à 7,1962-04-11,7.9,tt0055852,
Prelude: Dog Star Man,1961-01-01,6.4,tt0234512,YT
Dog Star Man: Part I,1962-01-01,6.1,tt0058025,
Vivre sa vie: Film en douze tableaux,1962-09-20,7.9,tt0056663,
Sanma no aji,1962-11-18,8.1,tt0056444,
O Pagador de Promessas,1962-08-06,8.3,tt0056322,
L'eclisse,1962-04-12,7.8,tt0056736,
Mondo cane,1962-03-30,6.3,tt0057318,
El ángel exterminador,1962-05-16,8,tt0056732,L
Jules et Jim,1962-01-23,7.7,tt0055032,
Heaven and Earth Magic,1962-01-01,5.2,tt0056060,YT
To Kill a Mockingbird,1962-12-25,8.3,tt0056592,L
The Manchurian Candidate,1962-10-24,7.9,tt0056218,
What Ever Happened to Baby Jane?,1962-10-31,8,tt0056687,
Pasazerka,1963-09-20,7.4,tt0054159,
The Servant,1963-11-14,7.8,tt0057490,
Flaming Creatures,1963-04-29,4.6,tt0054880,YT
Khaneh siah ast,1963-01-01,7.8,tt0336693,
Hud,1963-05-29,7.8,tt0057163,
Il gattopardo,1963-03-27,8,tt0057091,
Vidas Secas,1963-08-22,7.4,tt0057654,YT
Shock Corridor,1963-09-11,7.3,tt0057495,YT
Le mépris,1963-10-29,7.5,tt0057345,
Blonde Cobra,1963-01-01,3,tt0138329,YT
The Cool World,1963-09-02,6.5,tt0056952,L
The Nutty Professor,1963-06-04,6.6,tt0057372,
Méditerranée,1963-01-01,5.9,tt0197719,
Yukinojô henge,1963-01-13,7.4,tt0057710,
The Haunting,1963-09-18,7.4,tt0057129,
Nattvardsgästerna,1963-02-11,8.1,tt0057358,
My Fair Lady,1964-10-21,7.8,tt0058385,L
Il deserto rosso,1964-09-07,7.5,tt0058003,
Suna no onna,1964-02-15,8.5,tt0058625,
Tini zabutykh predkiv,1965-03-22,7.8,tt0058642,
Scorpio Rising,1963-10-01,6.8,tt0058555,YT
The Masque of the Red Death,1964-06-24,6.9,tt0058333,YT
Prima della rivoluzione,1964-05-09,6.8,tt0056371,
Deus e o Diabo na Terra do Sol,1964-06-01,7.2,tt0058006,
Gertrud,1964-12-19,7.3,tt0058138,
Onibaba,1964-11-21,7.9,tt0058430,
Il vangelo secondo Matteo,1964-09-04,7.7,tt0058715,L
Obchod na korze,1965-10-08,8.2,tt0059527,YT
The War Game,1966-04-13,8,tt0059894,L
Tôkyô orinpikku,1965-03-20,7.8,tt0059817,
Giulietta degli spiriti,1965-10-22,7.5,tt0059229,
De man die zijn haar kort liet knippen,1966-09-05,6.8,tt0129222,YT
Campanadas a medianoche,1966-05-08,7.7,tt0059012,
"Faster, Pussycat! Kill! Kill!",1965-08-06,6.6,tt0059170,
Vinyl,1965-06-04,4.3,tt0059880,L
Rekopis znaleziony w Saragossie,1965-02-09,7.8,tt0059643,YT
Pierrot le fou,1965-11-05,7.5,tt0059592,
Subarnarekha,1965-10-01,7.4,tt0056537,YT
Hold Me While I'm Naked,1966-04-23,5.4,tt0060511,
Blow-Up,1966-12-18,7.5,tt0060176,
Sedmikrásky,1966-12-30,7.3,tt0060959,YT
Da zui xia,1966-04-07,6.9,tt0059079,
Seconds,1966-05-16,7.6,tt0060955,
Persona,1966-08-31,8.1,tt0060827,
Au hasard Balthazar,1966-05-25,7.8,tt0060138,
Masculin féminin,1966-03-22,7.5,tt0060675,YT
Report,1967-01-01,6.4,tt0130976,L
2 ou 3 choses que je sais d'elle,1967-03-17,6.6,tt0060304,
Belle de jour,1967-03-24,7.7,tt0061395,
Cool Hand Luke,1967-10-31,8.1,tt0061512,
"Csillagosok, katonák",1967-11-04,7.6,tt0061537,
Point Blank,1967-08-30,7.3,tt0062138,
Week End,1967-12-29,7,tt0062480,
Wavelength,1967-03-17,5.4,tt0127354,L
Ostre sledované vlaky,1966-11-18,7.6,tt0060802,YT
Terra em Transe,1967-05-03,7.3,tt0062352,YT
In the Heat of the Night,1967-08-02,7.9,tt0061811,
Marketa Lazarová,1967-10-06,7.9,tt0063278,YT
"Horí, má panenko",1967-12-15,7.4,tt0061781,YT
Viy,1967-11-27,7.2,tt0062453,YT
Hombre,1967-03-21,7.4,tt0061770,
Gaav,1969-01-01,7.9,tt0064356,YT
If....,1968-12-19,7.4,tt0063850,L
David Holzman's Diary,1967-01-01,6.5,tt0062864,L
Memorias del subdesarrollo,1968-08-19,7.6,tt0063291,YT
High School,1968-11-13,7.6,tt0064429,Y
Targets,1968-08-15,7.3,tt0063671,
Skammen,1968-09-29,8,tt0063611,
The Producers,1967-11-22,7.5,tt0063462,
Z,1969-02-26,8.2,tt0065234,YT
Fellini - Satyricon,1969-09-03,6.8,tt0064940,
Andrey Rublyov,1966-12-16,8.1,tt0060107,YT
Sayat Nova,1969-10-01,7.6,tt0063555,YT
Xia nü,1971-11-18,7.5,tt0064451,
Kes,1969-11-14,7.9,tt0064541,
Lucía,1968-10-01,7.1,tt0064609,YT
In the Year of the Pig,1969-02-26,7.4,tt0064482,YT
The Wild Bunch,1969-06-18,7.9,tt0065214,
Ma nuit chez Maud,1969-05-15,7.8,tt0064612,
Tristana,1970-03-18,7.4,tt0066491,
Il conformista,1970-07-01,7.9,tt0065571,L
Le boucher,1970-02-27,7.3,tt0064106,
El Topo,1970-12-18,7.2,tt0067866,L
Five Easy Pieces,1970-09-12,7.4,tt0065724,
Deep End,1970-09-01,7.2,tt0066122,L
Strategia del ragno,1970-10-25,6.9,tt0066413,L
Ucho,1990-01-01,7.7,tt0066498,
Little Big Man,1970-12-23,7.6,tt0065988,L
L'uccello dalle piume di cristallo,1970-06-24,7.1,tt0065143,L
Zabriskie Point,1970-02-05,6.9,tt0066601,YT
Performance,1970-08-03,6.8,tt0066214,
Woodstock,1970-03-26,8.1,tt0066580,
Gimme Shelter,1970-12-06,7.8,tt0065780,YT
Il giardino dei Finzi Contini,1970-12-04,7.3,tt0065777,
Le chagrin et la pitié,1969-09-18,8.2,tt0066904,
The Devils,1971-07-16,7.8,tt0066993,
The Hired Hand,1971-08-11,7,tt0067204,YT
W.R. - Misterije organizma,1971-05-01,6.7,tt0067958,
Walkabout,1971-05-16,7.6,tt0067959,
Klute,1971-06-25,7.1,tt0067309,
Harold and Maude,1971-12-20,7.9,tt0067185,L
Még kér a nép,1972-03-09,6.8,tt0067467,
Get Carter,1971-02-03,7.3,tt0067128,
Shaft,1971-06-25,6.6,tt0067741,
Sweet Sweetback's Baadasssss Song,1971-03-31,5.5,tt0067810,
Le souffle au coeur,1971-04-28,7.6,tt0067778,
Straw Dogs,1971-11-01,7.4,tt0067800,L
Two-Lane Blacktop,1971-07-07,7.2,tt0067893,
Wake in Fright,1971-05-13,7.6,tt0067541,YT
"Aguirre, der Zorn Gottes",1972-12-29,7.8,tt0068182,YT
Cabaret,1972-02-13,7.8,tt0068327,
Solyaris,1972-02-05,8,tt0069293,YT
Viskningar och rop,1972-12-21,8,tt0069467,
Le charme discret de la bourgeoisie,1972-09-15,7.8,tt0068361,
Ultimo tango a Parigi,1972-10-14,6.9,tt0070849,L
Die bitteren Tränen der Petra von Kant,1972-06-25,7.6,tt0068278,
Fat City,1972-06-26,7.3,tt0068575,
The Heartbreak Kid,1972-12-17,7,tt0068687,YT
Pink Flamingos,1972-03-17,6,tt0069089,
Sleuth,1972-12-10,8,tt0069281,YT
Super Fly,1972-08-04,6.4,tt0069332,L
The Sting,1973-12-25,8.3,tt0070735,
La maman et la putain,1973-05-01,7.8,tt0070359,
High Plains Drifter,1973-04-06,7.4,tt0068699,
Badlands,1973-10-15,7.7,tt0069762,YT
Papillon,1973-12-16,8,tt0070511,
The Long Goodbye,1973-03-07,7.5,tt0070334,
The Wicker Man,1973-12-06,7.5,tt0070917,
Enter the Dragon,1973-08-19,7.6,tt0070034,
Serpico,1973-12-05,7.7,tt0070666,
Don't Look Now,1973-10-16,7.2,tt0069995,
La nuit américaine,1973-05-14,8,tt0070460,YT
Mean Streets,1973-10-14,7.2,tt0070379,
Sleeper,1973-12-17,7.1,tt0070707,
Pat Garrett & Billy the Kid,1973-05-23,7.2,tt0070518,
Turks fruit,1973-02-22,7.1,tt0070842,
El espíritu de la colmena,1973-10-08,7.8,tt0070040,
The Harder They Come,1972-06-05,6.9,tt0070155,YT
La planète sauvage,1973-05-11,7.7,tt0070544,YT
Amarcord,1973-12-18,7.9,tt0071129,L
The Towering Inferno,1974-12-16,7,tt0072308,
Bring Me the Head of Alfredo Garcia,1974-08-07,7.4,tt0071249,
Dersu Uzala,1974-07-01,8.2,tt0071411,YT
The Conversation,1974-04-07,7.8,tt0071360,
Zerkalo,1975-03-07,8,tt0072443,YT
Blazing Saddles,1974-02-07,7.7,tt0071230,
Céline et Julie vont en bateau: Phantom Ladies Over Paris,1974-09-01,7.3,tt0071381,L
Angst essen Seele auf,1974-03-05,8,tt0071141,
The Rocky Horror Picture Show,1975-08-14,7.4,tt0073629,
"Jeanne Dielman, 23, quai du commerce, 1080 Bruxelles",1975-05-14,7.6,tt0073198,
O thiasos,1975-05-12,7.9,tt0073800,
Deewaar,1975-01-24,8,tt0072860,
Dog Day Afternoon,1975-09-20,8,tt0072890,
Maynila sa mga kuko ng liwanag,1975-07-16,7.8,tt0073363,
Faustrecht der Freiheit,1975-05-15,7.6,tt0072976,
Nashville,1975-06-11,7.7,tt0073440,
Salò o le 120 giornate di Sodoma,1975-11-23,5.8,tt0073650,
Cría cuervos,1976-01-26,7.9,tt0074360,
Picnic at Hanging Rock,1975-08-08,7.4,tt0073540,YT
India Song,1975-06-04,6.2,tt0073166,YT
The Man Who Fell to Earth,1976-03-18,6.6,tt0074851,
All the President's Men,1976-04-04,7.9,tt0074119,
The Outlaw Josey Wales,1976-06-30,7.8,tt0075029,
The Killing of a Chinese Bookie,1976-02-15,7.3,tt0074749,L
Carrie,1976-11-03,7.4,tt0074285,
Ai no korîda,1976-09-15,6.6,tt0074102,
Novecento,1976-05-21,7.7,tt0074084,
Voskhozhdenie,1977-04-02,8.2,tt0075404,
The Last Wave,1977-12-13,7,tt0076299,YT
Stroszek,1977-05-20,7.8,tt0075276,
Ceddo,1977-05-17,6.7,tt0077309,YT
Der amerikanische Freund,1977-03-26,7.4,tt0075675,
Suspiria,1977-02-01,7.3,tt0076786,
Sleeping Dogs,1977-07-13,6.3,tt0076725,
Last Chants for a Slow Dance,1977-08-31,6.1,tt0076293,
Czlowiek z marmuru,1977-02-25,7.7,tt0075902,
Killer of Sheep,1978-11-14,7.2,tt0076263,
Eraserhead,1977-03-19,7.3,tt0074486,
Soldaat van Oranje,1977-09-22,7.6,tt0076734,
The Hills Have Eyes,1977-07-22,6.3,tt0077681,YT
Days of Heaven,1978-09-13,7.8,tt0077405,
L'albero degli zoccoli,1978-09-21,7.8,tt0077138,N
The Chant of Jimmie Blacksmith,1978-06-21,7.3,tt0077318,
Up in Smoke,1978-09-15,6.9,tt0078446,
Shao Lin san shi liu fang,1978-02-02,7.7,tt0078243,
Wu du,1978-08-12,7,tt0077559,
My Brilliant Career,1979-08-17,7.1,tt0079596,
Die Ehe der Maria Braun,1978-05-22,7.7,tt0079095,
Stalker,1979-05-29,8.1,tt0079944,YT
Real Life,1979-03-02,7,tt0079781,
Breaking Away,1979-07-13,7.7,tt0078902,
Being There,1979-12-19,8,tt0078841,
The Muppet Movie,1979-05-31,7.6,tt0079588,
Cristo si è fermato a Eboli,1979-02-23,7.7,tt0079010,
Die Blechtrommel,1979-05-03,7.5,tt0078875,L
The Jerk,1979-12-14,7.1,tt0079367,
Kramer vs. Kramer,1979-12-19,7.8,tt0079417,
Ordinary People,1980-09-19,7.7,tt0081283,
Atlantic City,1980-09-03,7.3,tt0080388,
Le dernier métro,1980-09-17,7.4,tt0080610,
The Big Red One,1980-07-18,7.1,tt0080437,
Loulou,1980-09-03,6.7,tt0081076,
An American Werewolf in London,1981-08-21,7.5,tt0082010,
Diva,1981-03-11,7.1,tt0082269,
Gallipoli,1981-08-07,7.4,tt0082432,YT
Body Heat,1981-08-28,7.4,tt0082089,
Czlowiek z zelaza,1981-07-27,7.3,tt0082222,
Reds,1981-12-04,7.3,tt0082979,
Tre fratelli,1981-05-15,7.1,tt0083226,
The Evil Dead,1981-10-15,7.4,tt0083907,
Trop tôt/Trop tard,1981-11-08,5.6,tt0083230,
Yol,1982-05-15,8,tt0084934,
Diner,1982-03-02,7.1,tt0083833,
Tootsie,1982-12-17,7.4,tt0084805,
Fitzcarraldo,1982-03-05,8,tt0083946,
Gandhi,1982-11-30,8,tt0083987,
Fanny och Alexander,1982-12-17,8.1,tt0083922,
La notte di San Lorenzo,1982-09-16,7.3,tt0084422,
De stilte rond Christine M.,1982-02-18,6.6,tt0086369,
The Draughtsman's Contract,1982-09-04,7.2,tt0083851,
A Christmas Story,1983-11-18,7.9,tt0085334,
L'argent,1983-05-18,7.4,tt0085180,
The Big Chill,1983-09-28,7.1,tt0085244,
Sans soleil,1983-02-23,7.8,tt0084628,L
Narayama bushikô,1983-04-29,7.8,tt0084390,
Terms of Endearment,1983-11-23,7.4,tt0086425,
El Norte,1983-11-10,7.7,tt0085482,
De vierde man,1983-03-24,7.2,tt0086543,
Videodrome,1983-02-04,7.2,tt0086541,
Koyaanisqatsi,1982-04-28,8.2,tt0085809,YT
The King of Comedy,1982-12-18,7.8,tt0085794,
Local Hero,1983-02-17,7.3,tt0085859,L
Le dernier combat,1983-04-06,6.7,tt0085426,
The Natural,1984-05-11,7.4,tt0087781,
This Is Spinal Tap,1984-03-02,7.9,tt0088258,
A Passage to India,1984-12-14,7.3,tt0087892,
Beverly Hills Cop,1984-12-01,7.3,tt0086960,
The Killing Fields,1984-11-02,7.8,tt0087553,
Stranger Than Paradise,1984-10-01,7.4,tt0088184,
Utu,1983-01-01,6.9,tt0086497,
Prizzi's Honor,1984-06-14,6.7,tt0089841,
Tóngnián wangshì,1985-08-03,7.6,tt0090185,
Idi i smotri,1985-07-09,8.4,tt0091251,YT
Mishima: A Life in Four Chapters,1985-10-04,7.9,tt0089603,
Out of Africa,1985-12-18,7.1,tt0089755,
Kiss of the Spider Woman,1985-05-13,7.3,tt0089424,YT
The Quiet Earth,1985-10-18,6.7,tt0089869,
The Purple Rose of Cairo,1985-03-01,7.7,tt0089853,
Sans toit ni loi,1985-08-30,7.7,tt0089960,
Shoah,1985-04-30,8.7,tt0090015,
The Color Purple,1985-12-18,7.7,tt0088939,
A Room with a View,1985-12-13,7.2,tt0091867,
La historia oficial,1985-04-03,7.7,tt0089276,
Blue Velvet,1986-09-12,7.7,tt0090756,
Hannah and Her Sisters,1986-02-07,7.9,tt0091167,
She's Gotta Have It,1986-08-08,6.8,tt0091939,
Children of a Lesser God,1986-10-03,7.2,tt0090830,
Caravaggio,1986-08-29,6.5,tt0090798,
Salvador,1986-03-05,7.4,tt0091886,
Down by Law,1986-09-20,7.7,tt0090967,
Le déclin de l'empire américain,1986-06-19,7.1,tt0090985,
Do ma daan,1986-09-06,7.3,tt0090952,
The Fly,1986-08-15,7.6,tt0091064,
Top Gun,1986-05-12,6.9,tt0092099,
Dao ma zei,1986-01-01,6.9,tt0090907,YT
Au revoir les enfants,1987-08-29,8,tt0092593,
Yeelen,1987-05-07,7,tt0094349,YT
A' gai wak,1983-12-22,7.3,tt0085127,
A' gai wak 2,1987-08-19,7,tt0092501,
Der Himmel über Berlin,1987-05-17,8,tt0093191,
Withnail & I,1987-01-01,7.6,tt0094336,
Sien lui yau wan,1987-07-18,7.4,tt0093978,
Broadcast News,1987-12-16,7.2,tt0092699,
Babettes gæstebud,1987-08-28,7.8,tt0092603,
The Untouchables,1987-06-02,7.8,tt0094226,
Hong gao liang,1988-01-01,7.3,tt0093206,YT
Fatal Attraction,1987-09-16,6.9,tt0093010,
The Dead,1987-12-18,7.2,tt0092843,YT
Housekeeping,1987-11-25,7.2,tt0093225,
Bull Durham,1988-06-15,7,tt0094812,
Hôtel Terminus,1988-05-10,7.6,tt0095341,
"Mujeres al borde de un ataque de ""nervios""",1988-03-25,7.5,tt0095675,
Spoorloos,1988-10-27,7.7,tt0096163,
Neco z Alenky,1988-08-03,7.4,tt0095715,YT
Ariel,1988-10-21,7.5,tt0094675,
The Thin Blue Line,1988-03-18,8,tt0096257,
Akira,1988-07-16,8,tt0094625,
A Fish Called Wanda,1988-07-07,7.5,tt0095159,
Une histoire de vent,1988-09-09,6.9,tt0096337,YT
Dekalog,1989-05-16,9,tt0092337,
Rain Man,1988-12-16,8,tt0095953,
Dangerous Liaisons,1988-12-16,7.6,tt0094947,
Dead Ringers,1988-09-08,7.2,tt0094964,L
RoboCop,1987-07-17,7.6,tt0093870,
"Distant Voices, Still Lives",1988-09-29,7.4,tt0095037,
Topio stin omihli,1988-09-10,8,tt0096288,
Une affaire de femmes,1988-09-02,7.5,tt0096336,
The Accidental Tourist,1988-12-23,6.7,tt0094606,
Drowning by Numbers,1988-09-10,7.2,tt0092929,
Crimes and Misdemeanors,1989-10-13,7.8,tt0097123,
Glory,1989-12-15,7.8,tt0097441,
"The Cook, the Thief, His Wife & Her Lover",1989-09-11,7.5,tt0097108,
My Left Foot: The Story of Christy Brown,1989-02-24,7.9,tt0097937,
Dip huet seung hung,1989-07-06,7.8,tt0097202,
Drugstore Cowboy,1989-10-06,7.3,tt0097240,
Astenicheskiy sindrom,1989-12-01,6.6,tt0096841,YT
Do the Right Thing,1989-05-19,7.9,tt0097216,
The Unbelievable Truth,1989-05-15,7.2,tt0100842,YT
Roger & Me,1989-12-20,7.5,tt0098213,
"Sex, Lies, and Videotape",1989-01-20,7.2,tt0098724,
Bei qing cheng shi,1989-09-04,7.8,tt0096908,
Trust,1990-09-09,7.4,tt0103130,
S'en fout la mort,1990-09-05,6.7,tt0100536,
Nema-ye Nazdik,1990-02-01,8.2,tt0100234,
King of New York,1990-09-22,6.9,tt0099939,
Pretty Woman,1990-03-23,7.1,tt0100405,
Henry: Portrait of a Serial Killer,1986-09-24,7,tt0099763,L
Archangel,1991-07-19,6.4,tt0099053,
Total Recall,1990-06-01,7.5,tt0100802,
Europa Europa,1990-11-14,7.6,tt0099776,
Reversal of Fortune,1990-09-12,7.2,tt0100486,
Jacob's Ladder,1990-11-02,7.4,tt0099871,
Boyz n the Hood,1991-07-02,7.8,tt0101507,
La Belle Noiseuse,1991-05-14,7.5,tt0101428,
The Rapture,1991-09-06,6.3,tt0102757,
Guling jie shaonian sharen shijian,1991-07-27,8.3,tt0101985,YT
JFK,1991-12-20,8,tt0102138,
Slacker,1990-07-29,7,tt0102943,YT
Wong Fei Hung,1991-08-15,7.2,tt0103285,
My Own Private Idaho,1991-09-04,7,tt0102494,
Delicatessen,1991-04-17,7.6,tt0101700,
La double vie de Véronique,1991-05-15,7.7,tt0101765,
Tongues Untied,1989-10-26,7.1,tt0103099,YT
Da hong denglong gaogao gua,1991-09-10,8.1,tt0101640,YT
Hearts of Darkness: A Filmmaker's Apocalypse,1991-11-27,8.1,tt0102015,
Naked Lunch,1991-12-27,6.9,tt0102511,
Romper Stomper,1992-11-12,6.8,tt0105275,
Strictly Ballroom,1992-08-20,7.2,tt0105488,
The Player,1992-04-03,7.5,tt0105151,
Glengarry Glen Ross,1992-10-02,7.7,tt0104348,
Conte d'hiver,1992-01-29,7.2,tt0104008,
Ruan Ling Yu,1991-11-29,7.5,tt0102816,
C'est arrivé près de chez vous,1992-09-12,7.4,tt0103905,
The Crying Game,1992-09-02,7.2,tt0104036,
Dracula,1992-11-13,7.4,tt0103874,
Candyman,1992-09-11,6.7,tt0103919,
Aileen Wuornos: The Selling of a Serial Killer,1992-11-01,6.9,tt0103634,
Lan feng zheng,1993-09-12,7.5,tt0107358,
Philadelphia,1993-12-14,7.7,tt0107818,
Xi meng ren sheng,1993-01-01,7.1,tt0107157,
Short Cuts,1993-10-03,7.7,tt0108122,
Ba wang bie ji,1993-01-01,8.1,tt0106332,
The Piano,1993-05-15,7.5,tt0107822,N
Xi yan,1993-02-01,7.6,tt0107156,
Thirty Two Short Films About Glenn Gould,1993-09-07,7.3,tt0108328,YT
The Age of Innocence,1993-10-01,7.2,tt0106226,
The Last Seduction,1994-10-26,7,tt0110308,
Les roseaux sauvages,1994-06-01,7.3,tt0111019,N
Crumb,1995-04-28,8,tt0109508,
Heavenly Creatures,1994-10-14,7.3,tt0110005,
Muriel's Wedding,1994-09-15,7.2,tt0110598,
"The Adventures of Priscilla, Queen of the Desert",1994-05-15,7.5,tt0109045,
Hoop Dreams,1994-10-14,8.3,tt0110057,YT
Sátántangó,1994-02-08,8.3,tt0111341,
Four Weddings and a Funeral,1994-01-20,7.1,tt0109831,
Caro diario,1993-11-12,7.2,tt0109382,
Chung Hing sam lam,1994-07-14,8,tt0109424,
Lamerica,1994-09-09,7.4,tt0110299,
Deseret,1995-01-01,5.8,tt0131356,YT
Smoke,1995-06-09,7.4,tt0114478,
Badkonake sefid,1995-02-01,7.6,tt0112445,
Underground,1995-04-01,8.1,tt0114787,
Dilwale Dulhania Le Jayenge,1995-10-20,8,tt0112870,
Xích lô,1995-09-01,7.2,tt0112767,
Clueless,1995-07-19,6.9,tt0112697,
Safe,1995-01-25,7.1,tt0114323,
Dead Man,1995-05-26,7.5,tt0112817,
Kjærlighetens kjøtere,1995-09-29,7.3,tt0113557,
Strange Days,1995-10-06,7.2,tt0114558,
Gabbeh,1996-06-26,6.9,tt0116384,
Trois vies et une seule mort,1996-10-11,6.8,tt0117968,YT
Shine,1996-01-21,7.6,tt0117631,YT
Secrets & Lies,1996-05-10,8,tt0117589,
Lone Star,1996-05-10,7.4,tt0116905,
Breaking the Waves,1996-05-18,7.8,tt0115751,
The Pillow Book,1996-05-12,6.5,tt0114134,
The Ice Storm,1997-05-12,7.4,tt0119349,
Hana-bi,1997-09-03,7.7,tt0119250,
Boogie Nights,1997-09-11,7.9,tt0118749,
Funny Games,1997-05-14,7.5,tt0119167,
Abre los ojos,1997-12-19,7.7,tt0125659,
The Sweet Hereafter,1997-05-14,7.5,tt0120255,
Deconstructing Harry,1997-12-12,7.3,tt0118954,
Chun gwong cha sit,1997-05-17,7.7,tt0118845,
"Fast, Cheap & Out of Control",1997-09-07,7.1,tt0119107,
The Butcher Boy,1997-07-13,7.1,tt0118804,YT
Kundun,1997-12-25,7,tt0119485,
Mat i syn,1997-02-20,7.3,tt0119711,
Festen,1998-05-01,8.1,tt0154420,
Ringu,1998-01-31,7.2,tt0178868,YT
Happiness,1998-10-16,7.7,tt0147612,
The Thin Red Line,1998-12-25,7.6,tt0120863,
Tetsuo,1989-07-01,6.9,tt0096251,
Idioterne,1998-05-20,6.8,tt0154421,
Sombre,1998-08-06,5.9,tt0166808,
Three Kings,1999-10-01,7.1,tt0120188,
Ôdishon,1999-10-02,7.1,tt0235198,
Beau travail,1999-09-04,7.3,tt0209933,YT
Todo sobre mi madre,1999-04-16,7.8,tt0185125,
Gohatto,1999-12-18,6.8,tt0213682,
Bad ma ra khahad bord,1999-09-06,7.4,tt0209463,
"Le temps retrouvé, d'après l'oeuvre de Marcel Proust",1999-05-16,6.7,tt0189142,
Juyuso seubgyuksageun,1999-10-02,6.9,tt0262246,
Les glaneurs et la glaneuse,2000-07-07,7.7,tt0247380,
Fa yeung nin wah,2000-05-20,8.1,tt0118694,
Kippur,2000-10-05,6.2,tt0218379,
Amores perros,2000-05-14,8.1,tt0245712,
Nueve reinas,2000-08-31,7.9,tt0247586,
La captive,2000-09-27,6,tt0216605,
"Ali Zaoua, prince de la rue",2000-09-08,7.4,tt0260688,
Meet the Parents,2000-10-06,7,tt0212338,
Signs & Wonders,2000-02-11,5.9,tt0230783,
Traffic,2000-12-27,7.6,tt0181865,
Dancer in the Dark,2000-05-17,7.9,tt0168629,YT
No Man's Land,2001-09-19,7.9,tt0283509,YT
Ni na bian ji dian,2001-05-17,7.3,tt0269746,
Y tu mamá también,2001-06-08,7.7,tt0245574,
Safar-e Ghandehar,2001-05-11,6.8,tt0283431,
La pianiste,2001-05-14,7.5,tt0254686,
La stanza del figlio,2001-03-09,7.3,tt0208990,
Moulin Rouge!,2001-05-09,7.6,tt0203009,
Monsoon Wedding,2001-08-30,7.3,tt0265343,YT
À ma soeur!,2001-02-10,6.4,tt0243255,
Lantana,2001-07-08,7.2,tt0259393,
A.I. Artificial Intelligence,2001-06-29,7.2,tt0212720,
Gangs of New York,2002-12-20,7.5,tt0217505,
Russkiy kovcheg,2002-05-22,7.3,tt0318034,
Bowling for Columbine,2002-05-16,8,tt0310793,
Hable con ella,2002-03-15,7.9,tt0287467,
Adaptation.,2002-12-06,7.7,tt0268126,
Far from Heaven,2002-09-02,7.3,tt0297884,
Ying xiong,2002-10-24,7.9,tt0299977,
Uzak,2002-10-01,7.5,tt0346094,
Rabbit-Proof Fence,2002-02-04,7.4,tt0252444,
Irréversible,2002-05-22,7.3,tt0290673,
Ônibus 174,2002-10-22,7.8,tt0340468,
Elephant,2003-05-18,7.1,tt0363589,
Aileen: Life and Death of a Serial Killer,2003-05-10,7.1,tt0364930,
Osama,2003-05-20,7.3,tt0368913,
Les invasions barbares,2003-05-21,7.5,tt0338135,
La meglio gioventù,2003-05-20,8.5,tt0346336,
Lost in Translation,2003-08-29,7.7,tt0335266,
Gegen die Wand,2004-02-12,7.9,tt0347048,
Le conseguenze dell'amore,2004-05-13,7.5,tt0398883,
Moolaadé,2004-05-15,7.6,tt0416991,
Fahrenheit 9/11,2004-05-17,7.5,tt0361596,YT
The Aviator,2004-12-14,7.5,tt0338751,
Bin-jip,2004-09-07,7.9,tt0423866,
Sideways,2004-09-13,7.5,tt0375063,
Un long dimanche de fiançailles,2004-10-27,7.6,tt0344510,
Tsotsi,2005-08-18,7.2,tt0468565,
"Va, vis et deviens",2005-02-11,7.8,tt0388505,
Paradise Now,2005-02-14,7.4,tt0445620,
Caché,2005-05-14,7.3,tt0387898,
Once,2007-01-20,7.8,tt0907657,
The Queen,2006-09-02,7.3,tt0436697,
Apocalypto,2006-12-08,7.8,tt0472043,
El laberinto del fauno,2006-05-27,8.2,tt0457430,
The Constant Gardener,2005-08-31,7.4,tt0387131,
Gwoemul,2006-07-27,7.1,tt0468492,
Children of Men,2006-09-03,7.9,tt0206634,
United 93,2006-04-28,7.6,tt0475276,
The Last King of Scotland,2006-09-01,7.6,tt0455590,
Babel,2006-05-23,7.5,tt0449467,
Volver,2006-03-17,7.6,tt0441909,
Little Miss Sunshine,2006-01-20,7.8,tt0449059,
Paranormal Activity,2007-10-14,6.3,tt1179904,
Paranormal Activity 2,2010-10-22,5.7,tt1536044,
Paranormal Activity 3,2011-10-14,5.8,tt1778304,
Paranormal Activity 4,2012-10-19,4.6,tt2109184,
Paranormal Activity: The Marked Ones,2014-01-03,5,tt2473682,
Paranormal Activity: The Ghost Dimension,2015-10-23,4.6,tt2473510,
Paranormal Activity: Next of Kin,2021-10-29,5.2,tt10515988,
La Môme,2007-02-08,7.6,tt0450188,
Atonement,2007-08-29,7.8,tt0783233,
Surfwise,2007-09-01,7.2,tt0479547,
The Bourne Identity,2002-06-06,7.9,tt0258463,
The Bourne Supremacy,2004-07-23,7.7,tt0372183,
The Bourne Ultimatum,2007-07-25,8,tt0440963,
Le scaphandre et le papillon,2007-05-22,8,tt0401383,
Låt den rätte komma in,2008-01-26,7.9,tt1139797,N
Joheunnom nabbeunnom isanghannom,2008-05-24,7.2,tt0901487,
The Wrestler,2008-09-05,7.9,tt1125849,
Entre les murs,2008-05-24,7.5,tt1068646,
Anvil: The Story of Anvil,2008-01-18,7.9,tt1157605,
Gomorra,2008-05-16,7,tt0929425,
District 9,2009-08-13,7.9,tt1136608,
An Education,2009-01-18,7.3,tt1174732,
Precious,2009-01-15,7.3,tt0929632,
Fish Tank,2009-05-14,7.3,tt1232776,
Das weiße Band - Eine deutsche Kindergeschichte,2009-05-21,7.8,tt1149362,
Nostalgia de la luz,2010-05-13,7.6,tt1556190,YT
Monsters,2010-03-13,6.4,tt1470827,
Four Lions,2010-01-23,7.3,tt1341167,
True Grit,2010-12-22,7.6,tt1403865,
Des hommes et des dieux,2010-05-18,7.2,tt1588337,
Senna,2010-10-07,8.5,tt1424432,
Cave of Forgotten Dreams,2010-09-13,7.4,tt1664894,
The Artist,2011-05-15,7.9,tt1655442,
Jodaeiye Nader az Simin,2011-02-15,8.3,tt1832382,
War Horse,2011-12-04,7.2,tt1568911,
The Descendants,2011-09-10,7.3,tt1033575,
Hugo,2011-10-10,7.5,tt0970179,
Le Havre,2011-05-17,7.2,tt1508675,
Shame,2011-09-04,7.2,tt1723811,
Tinker Tailor Soldier Spy,2011-09-05,7,tt1340800,
Bridesmaids,2011-04-28,6.8,tt1478338,
The Tree of Life,2011-05-16,6.8,tt0478304,
Le gamin au vélo,2011-05-15,7.4,tt1827512,
The Cabin in the Woods,2011-12-01,7,tt1259521,N
Wadjda,2012-08-31,7.5,tt2258858,
Lincoln,2012-10-08,7.3,tt0443272,
Life of Pi,2012-09-28,7.9,tt0454876,
Blancanieves,2012-09-08,7.5,tt1854513,
Amour,2012-05-20,7.9,tt1602620,
The Act of Killing,2012-08-31,8.2,tt2375605,
La grande bellezza,2013-05-21,7.7,tt2358891,
La vie d'Adèle,2013-05-23,7.7,tt2278871,N
Nebraska,2013-05-23,7.7,tt1821549,
Inside Llewyn Davis,2013-05-19,7.4,tt2042568,
American Hustle,2013-12-08,7.2,tt1800241,
Tian zhu ding,2013-05-17,7.1,tt2852400,
Ida,2013-09-07,7.4,tt2718492,
Under the Skin,2014-08-29,6.3,tt1441395,
Leviafan,2014-05-23,7.6,tt2802154,
Citizenfour,2014-10-10,8,tt4044364,
The Look of Silence,2014-08-28,8.3,tt3521134,
Saul fia,2015-05-15,7.4,tt3808342,
Bridge of Spies,2015-10-04,7.6,tt3682448,
Tangerine,2015-01-23,7.1,tt3824458,
Victoria,2015-02-07,7.6,tt4226388,
Jackie,2016-09-07,6.7,tt1619029,
Toni Erdmann,2016-05-14,7.3,tt4048272,
Under the Shadow,2016-01-23,6.8,tt4273292,
Manchester by the Sea,2016-01-23,7.8,tt4034228,
"I, Daniel Blake",2016-05-13,7.8,tt5168192,
13th,2016-09-30,8.2,tt5895028,
Ah-ga-ssi,2016-05-14,8.1,tt4016934,
Dawson City: Frozen Time,2016-09-05,7.6,tt5215486,
Lady Macbeth,2016-09-10,6.8,tt4291600,
Phantom Thread,2017-12-11,7.4,tt5776858,
The Greatest Showman,2017-12-08,7.5,tt1485796,
Crazy Rich Asians,2018-08-07,6.9,tt3104988,
Capharnaüm,2018-05-17,8.4,tt8267604,
Roma,2018-08-30,7.7,tt6155172,N
Hereditary,2018-01-21,7.3,tt7784604,
The Favourite,2018-08-30,7.5,tt5083738,
Sorry to Bother You,2018-01-20,6.9,tt5688932,
Portrait de la jeune fille en feu,2019-05-19,8.1,tt8613070,
For Sama,2019-03-11,8.5,tt9617456,
Booksmart,2019-03-10,7.1,tt1489887,
The Farewell,2019-01-25,7.5,tt8637428,
Monos,2019-01-27,6.9,tt6062774,
The Vast of Night,2019-01-26,6.7,tt6803046,
The Assistant,2019-08-30,6.4,tt9000224,
Rocks,2019-09-05,7.4,tt9067182,
Saint Maud,2019-09-08,6.7,tt7557108,
Tenet,2020-08-26,7.3,tt6723592,
Ma Rainey's Black Bottom,2020-11-25,6.9,tt10514222,
Never Rarely Sometimes Always,2020-01-24,7.4,tt7772582,
Lovers Rock,2020-09-24,7.5,tt10551102,
Nomadland,2020-09-11,7.3,tt9770150,
Dog Star Man: Part II,2004-04-09,6.4,tt0284060,
Dog Star Man: Part III,2004-04-09,6.4,tt0284061,
Dog Star Man: Part IV,2004-04-09,6.3,tt0058026,